"AverageShortestPathLength","BetweennessCentrality","ClosenessCentrality","ClusteringCoefficient","Degree","Eccentricity","IsSingleNode","name","NeighborhoodConnectivity","NumberOfDirectedEdges","NumberOfUndirectedEdges","PartnerOfMultiEdgedNodePairs","Radiality","selected","SelfLoops","shared name","Stress","TopologicalCoefficient"
"3.03125","0.011026077097505667","0.32989690721649484","0.7","10","8","false","Adamts5","10.0","0","10","5","0.8871527777777778","false","0","Adamts5","124","0.37037037037037035"
"2.875","0.019256660997732423","0.34782608695652173","0.6428571428571429","16","8","false","Mmp13","9.875","0","16","8","0.8958333333333334","false","0","Mmp13","244","0.3185483870967742"
"3.140625","0.044415509259259266","0.31840796019900497","0.1","10","7","false","Igfbp5","4.8","0","10","5","0.8810763888888888","false","0","Igfbp5","552","0.35"
"2.765625","0.1020142431972789","0.3615819209039548","0.3888888888888889","18","8","false","Mdk","8.555555555555555","0","18","9","0.9019097222222222","false","0","Mdk","938","0.25252525252525254"
"2.828125","0.0783562667491239","0.35359116022099446","0.4666666666666667","20","8","false","Ptgs2","8.4","0","20","10","0.8984375","false","0","Ptgs2","868","0.267741935483871"
"2.578125","0.27115956546760117","0.3878787878787879","0.1895424836601307","36","8","false","Il1b","5.611111111111111","0","36","18","0.9123263888888888","false","0","Il1b","2652","0.15849673202614378"
"2.875","0.012073917319453035","0.34782608695652173","0.7142857142857143","14","8","false","Arg1","11.0","0","14","7","0.8958333333333334","false","0","Arg1","202","0.34375"
"2.59375","0.09142181809592524","0.3855421686746988","0.4","22","7","false","Pparg","7.909090909090909","0","22","11","0.9114583333333334","false","0","Pparg","1108","0.232620320855615"
"3.046875","0.029767165704665713","0.3282051282051282","0.39285714285714285","16","8","false","Serpinb7","7.75","0","16","8","0.8862847222222222","false","0","Serpinb7","406","0.305"
"2.4375","0.3383263974781831","0.41025641025641024","0.21978021978021978","28","7","false","Cxcr4","6.642857142857143","0","28","14","0.9201388888888888","false","0","Cxcr4","4194","0.17567567567567569"
"2.96875","0.09839933132343846","0.3368421052631579","0.17857142857142858","16","8","false","Hand2","6.5","0","16","8","0.890625","false","0","Hand2","1014","0.23076923076923078"
"7.375","0.0","0.13559322033898305","0.0","2","10","false","Asb5","2.0","0","2","1","0.6458333333333334","false","0","Asb5","0","0.0"
"6.390625","0.03125","0.15647921760391198","0.0","4","9","false","Ptprd","2.0","0","4","2","0.7005208333333334","false","0","Ptprd","394","0.5"
"3.546875","0.00310637196797911","0.28193832599118945","0.0","4","8","false","Bcl11b","7.5","0","4","2","0.8585069444444444","false","0","Bcl11b","60","0.5416666666666666"
"3.046875","0.122521022297808","0.3282051282051282","0.047619047619047616","14","7","false","Isl1","3.4285714285714284","0","14","7","0.8862847222222222","false","0","Isl1","1122","0.18095238095238095"
"3.921875","0.005181169690098261","0.2549800796812749","0.0","6","9","false","Btg2","2.3333333333333335","0","6","3","0.8376736111111112","false","0","Btg2","44","0.3333333333333333"
"3.828125","0.005606339758125472","0.2612244897959184","0.0","4","9","false","Hoxb9","5.5","0","4","2","0.8428819444444444","false","0","Hoxb9","48","0.5"
"3.46875","0.010818216175359031","0.2882882882882883","0.0","4","9","false","Ier3","10.5","0","4","2","0.8628472222222222","false","0","Ier3","78","0.5"
"3.375","0.027990362811791375","0.2962962962962963","0.0","6","8","false","Pmaip1","5.0","0","6","3","0.8680555555555556","false","0","Pmaip1","322","0.36363636363636365"
"3.78125","0.03125","0.2644628099173554","0.0","4","9","false","Celf2","5.5","0","4","2","0.8454861111111112","false","0","Celf2","310","0.5"
"4.765625","0.0","0.2098360655737705","0.0","2","10","false","Nova1","2.0","0","2","1","0.7907986111111112","false","0","Nova1","0","0.0"
"4.578125","0.14632936507936506","0.21843003412969283","0.0","4","7","false","Cnih2","3.5","0","4","2","0.8012152777777778","false","0","Cnih2","1930","0.5"
"3.75","0.17261904761904762","0.26666666666666666","0.5","8","6","false","Col7a1","7.5","0","8","4","0.8472222222222222","false","0","Col7a1","2304","0.6041666666666666"
"5.4375","0.12103174603174602","0.1839080459770115","0.0","6","8","false","Grik2","2.0","0","6","3","0.7534722222222222","false","0","Grik2","1560","0.3333333333333333"
"3.6875","0.013678665910808767","0.2711864406779661","0.7142857142857143","16","6","false","Col17a1","6.875","0","16","8","0.8506944444444444","false","0","Col17a1","176","0.5288461538461539"
"3.09375","0.0765152588813303","0.32323232323232326","0.6111111111111112","18","5","false","Krt14","6.666666666666667","0","18","9","0.8836805555555556","false","0","Krt14","1146","0.4166666666666667"
"3.890625","0.0","0.2570281124497992","1.0","12","6","false","Krt16","8.0","0","12","6","0.8394097222222222","false","0","Krt16","0","0.7272727272727273"
"2.984375","0.20681689342403628","0.33507853403141363","0.4","22","5","false","Krt5","5.818181818181818","0","22","11","0.8897569444444444","false","0","Krt5","3096","0.37575757575757573"
"3.890625","0.0","0.2570281124497992","1.0","12","6","false","Krt6a","8.0","0","12","6","0.8394097222222222","false","0","Krt6a","0","0.7272727272727273"
"3.796875","0.002104591836734694","0.26337448559670784","0.8571428571428571","14","6","false","Krt17","7.428571428571429","0","14","7","0.8446180555555556","false","0","Krt17","36","0.6190476190476191"
"3.296875","0.016901691232048377","0.3033175355450237","0.8095238095238095","14","6","false","Krt15","7.571428571428571","0","14","7","0.8723958333333334","false","0","Krt15","320","0.5408163265306123"
"3.71875","0.03829246976568405","0.2689075630252101","0.6","10","6","false","Dsp","7.6","0","10","5","0.8489583333333334","false","0","Dsp","426","0.5692307692307692"
"2.640625","0.21336478088710234","0.378698224852071","0.2","12","6","false","Lgr5","8.833333333333334","0","12","6","0.9088541666666666","false","0","Lgr5","2774","0.2777777777777778"
"2.96875","0.0321682492441421","0.3368421052631579","0.0","4","6","false","Enpep","12.5","0","4","2","0.890625","false","0","Enpep","646","0.5476190476190477"
"3.03125","0.05854119425547996","0.32989690721649484","0.1","10","8","false","Twist1","7.2","0","10","5","0.8871527777777778","false","0","Twist1","650","0.28695652173913044"
"2.78125","0.09774010298563869","0.3595505617977528","0.16666666666666666","8","6","false","Notch3","10.25","0","8","4","0.9010416666666666","false","0","Notch3","1440","0.3611111111111111"
"3.375","0.0","0.2962962962962963","1.0","4","8","false","Rgs1","9.5","0","4","2","0.8680555555555556","false","0","Rgs1","0","0.59375"
"3.09375","0.0","0.32323232323232326","1.0","6","8","false","Vwf","14.333333333333334","0","6","3","0.8836805555555556","false","0","Vwf","0","0.5512820512820513"
"3.34375","0.03125","0.29906542056074764","0.3333333333333333","6","8","false","Gng2","6.666666666666667","0","6","3","0.8697916666666666","false","0","Gng2","270","0.3958333333333333"
"3.3125","0.0625","0.3018867924528302","0.2","10","8","false","Gnao1","4.2","0","10","5","0.8715277777777778","false","0","Gnao1","538","0.25333333333333335"
"6.390625","0.03125","0.15647921760391198","0.0","4","9","false","Dlg2","2.0","0","4","2","0.7005208333333334","false","0","Dlg2","394","0.5"
"7.375","0.0","0.13559322033898305","0.0","2","10","false","Grid1","2.0","0","2","1","0.6458333333333334","false","0","Grid1","0","0.0"
"3.75","0.03474466175359031","0.26666666666666666","0.0","6","7","false","Perp","3.6666666666666665","0","6","3","0.8472222222222222","false","0","Perp","400","0.38095238095238093"
"3.421875","0.041543839758125464","0.2922374429223744","0.0","6","8","false","Epha2","4.333333333333333","0","6","3","0.8654513888888888","false","0","Epha2","386","0.37037037037037035"
"4.40625","0.0","0.22695035460992907","0.0","2","9","false","Pak3","3.0","0","2","1","0.8107638888888888","false","0","Pak3","0","0.0"
"4.515625","0.0","0.22145328719723184","0.0","2","10","false","Gabrb1","2.0","0","2","1","0.8046875","false","0","Gabrb1","0","0.0"
"3.53125","0.03125","0.2831858407079646","0.0","4","9","false","Npy1r","9.5","0","4","2","0.859375","false","0","Npy1r","266","0.5"
"4.296875","0.0","0.23272727272727273","0.0","2","9","false","Uchl1","5.0","0","2","1","0.8168402777777778","false","0","Uchl1","0","0.0"
"4.296875","0.0","0.23272727272727273","0.0","2","9","false","Trpc1","5.0","0","2","1","0.8168402777777778","false","0","Trpc1","0","0.0"
"4.328125","0.0","0.23104693140794225","0.0","2","9","false","Htr2a","3.0","0","2","1","0.8151041666666666","false","0","Htr2a","0","0.0"
"3.921875","0.0032159391534391534","0.2549800796812749","0.0","4","9","false","Hoxd13","5.0","0","4","2","0.8376736111111112","false","0","Hoxd13","44","0.5714285714285714"
"3.390625","0.0","0.29493087557603687","1.0","6","9","false","Il1rl1","11.333333333333334","0","6","3","0.8671875","false","0","Il1rl1","0","0.4927536231884058"
"3.984375","0.0022380479969765685","0.25098039215686274","0.0","4","9","false","Hoxd10","3.5","0","4","2","0.8342013888888888","false","0","Hoxd10","34","0.625"
"3.515625","0.0","0.28444444444444444","1.0","4","8","false","Hpgds","10.5","0","4","2","0.8602430555555556","false","0","Hpgds","0","0.8076923076923077"
"4.125","0.0","0.24242424242424243","0.0","2","8","false","Pappa","5.0","0","2","1","0.8263888888888888","false","0","Pappa","0","0.0"
"3.5625","0.0","0.2807017543859649","0.0","2","9","false","Il12rb2","18.0","0","2","1","0.8576388888888888","false","0","Il12rb2","0","0.0"
"3.546875","0.0","0.28193832599118945","1.0","4","9","false","Naip6","10.5","0","4","2","0.8585069444444444","false","0","Naip6","0","0.5833333333333334"
"3.5625","0.0","0.2807017543859649","0.0","2","9","false","Map2","18.0","0","2","1","0.8576388888888888","false","0","Map2","0","0.0"
"3.1875","0.04598552489177489","0.3137254901960784","0.16666666666666666","8","8","false","Irs2","8.0","0","8","4","0.8784722222222222","false","0","Irs2","344","0.35714285714285715"
"3.515625","4.96031746031746E-4","0.28444444444444444","0.6666666666666666","6","9","false","Tlr5","9.333333333333334","0","6","3","0.8602430555555556","false","0","Tlr5","4","0.49122807017543857"
"3.609375","0.005476265632515633","0.27705627705627706","0.0","4","8","false","Pou3f1","5.5","0","4","2","0.8550347222222222","false","0","Pou3f1","44","0.5"
"4.171875","0.0","0.2397003745318352","0.0","2","9","false","Ptprf","4.0","0","2","1","0.8237847222222222","false","0","Ptprf","0","0.0"
"3.546875","0.008874244142101284","0.28193832599118945","0.3333333333333333","6","8","false","Pax3","4.666666666666667","0","6","3","0.8585069444444444","false","0","Pax3","98","0.43333333333333335"
"4.03125","0.0","0.24806201550387597","0.0","2","8","false","Lhx4","7.0","0","2","1","0.8315972222222222","false","0","Lhx4","0","0.0"
"3.921875","0.0","0.2549800796812749","1.0","4","8","false","Tfap2a","5.0","0","4","2","0.8376736111111112","false","0","Tfap2a","0","0.625"
"1.0","0.0","1.0","0.0","2","1","false","Lin7a","1.0","0","2","1","1.0","false","0","Lin7a","0","0.0"
"1.0","0.0","1.0","0.0","2","1","false","Tspoap1","1.0","0","2","1","1.0","false","0","Tspoap1","0","0.0"
"1.0","0.0","1.0","1.0","4","1","false","Lrrn4","2.0","0","4","2","1.0","false","0","Lrrn4","0","1.0"
"1.0","0.0","1.0","1.0","4","1","false","Upk1b","2.0","0","4","2","1.0","false","0","Upk1b","0","1.0"
"1.0","0.0","1.0","1.0","4","1","false","Upk3b","2.0","0","4","2","1.0","false","0","Upk3b","0","1.0"
"1.0","0.0","1.0","0.0","2","1","false","Sp140","1.0","0","2","1","1.0","false","0","Sp140","0","0.0"
"1.0","0.0","1.0","0.0","2","1","false","Tent5c","1.0","0","2","1","1.0","false","0","Tent5c","0","0.0"
