"ENSEMBL","SYMBOL","GENENAME"
"ENSMUSG00000013415","Igf2bp1","insulin-like growth factor 2 mRNA binding protein 1"
"ENSMUSG00000078706",NA,NA
"ENSMUSG00000028024","Enpep","glutamyl aminopeptidase"
"ENSMUSG00000025328","Padi3","peptidyl arginine deiminase, type III"
"ENSMUSG00000050578","Mmp13","matrix metallopeptidase 13"
"ENSMUSG00000005892","Trh","thyrotropin releasing hormone"
"ENSMUSG00000033295","Ptprf","protein tyrosine phosphatase receptor type F"
"ENSMUSG00000042985","Upk3b","uroplakin 3B"
"ENSMUSG00000020875","Hoxb9","homeobox B9"
"ENSMUSG00000038319","Kcnh2","potassium voltage-gated channel, subfamily H (eag-related), member 2"
"ENSMUSG00000138387",NA,NA
"ENSMUSG00000036169","Sostdc1","sclerostin domain containing 1"
"ENSMUSG00000095180","Rhox5","reproductive homeobox 5"
"ENSMUSG00000009614","Sardh","sarcosine dehydrogenase"
"ENSMUSG00000004872","Pax3","paired box 3"
"ENSMUSG00000046352","Gjb2","gap junction protein, beta 2"
"ENSMUSG00000027239","Mdk","midkine"
"ENSMUSG00000003541","Ier3","immediate early response 3"
"ENSMUSG00000032487","Ptgs2","prostaglandin-endoperoxide synthase 2"
"ENSMUSG00000054146","Krt15","keratin 15"
"ENSMUSG00000026358","Rgs1","regulator of G-protein signaling 1"
"ENSMUSG00000025885","Myo5b","myosin VB"
"ENSMUSG00000046844","Vat1l","vesicle amine transport protein 1 like"
"ENSMUSG00000045545","Krt14","keratin 14"
"ENSMUSG00000021047","Nova1","NOVA alternative splicing regulator 1"
"ENSMUSG00000043004","Gng2","guanine nucleotide binding protein (G protein), gamma 2"
"ENSMUSG00000019852","Arfgef3","ARFGEF family member 3"
"ENSMUSG00000020423","Btg2","BTG anti-proliferation factor 2"
"ENSMUSG00000034903","Cobll1","Cobl-like 1"
"ENSMUSG00000054889","Dsp","desmoplakin"
"ENSMUSG00000058354","Krt6a","keratin 6A"
"ENSMUSG00000022894","Adamts5","ADAM metallopeptidase with thrombospondin type 1 motif 5"
"ENSMUSG00000143161",NA,NA
"ENSMUSG00000026185","Igfbp5","insulin-like growth factor binding protein 5"
"ENSMUSG00000020893","Per1","period circadian clock 1"
"ENSMUSG00000028399","Ptprd","protein tyrosine phosphatase receptor type D"
"ENSMUSG00000015222","Map2","microtubule-associated protein 2"
"ENSMUSG00000033488","Cryzl2","crystallin zeta like 2"
"ENSMUSG00000024481","Lvrn","laeverin"
"ENSMUSG00000028370","Pappa","pregnancy-associated plasma protein A"
"ENSMUSG00000085667","Gm12992","predicted gene 12992"
"ENSMUSG00000034690","Nlrp4c","NLR family, pyrin domain containing 4C"
"ENSMUSG00000048251","Bcl11b","B cell leukemia/lymphoma 11B"
"ENSMUSG00000027398","Il1b","interleukin 1 beta"
"ENSMUSG00000046337","Fam178b","family with sequence similarity 178, member B"
"ENSMUSG00000025650","Col7a1","collagen, type VII, alpha 1"
"ENSMUSG00000020140","Lgr5","leucine rich repeat containing G protein coupled receptor 5"
"ENSMUSG00000035557","Krt17","keratin 17"
"ENSMUSG00000068323","Slc4a5","solute carrier family 4, sodium bicarbonate cotransporter, member 5"
"ENSMUSG00000067001","Serpinb7","serine (or cysteine) peptidase inhibitor, clade B, member 7"
"ENSMUSG00000043110","Lrrn4","leucine rich repeat neuronal 4"
"ENSMUSG00000019936","Epyc","epiphycan"
"ENSMUSG00000044220","Nkx2-3","NK2 homeobox 3"
"ENSMUSG00000035799","Twist1","twist basic helix-loop-helix transcription factor 1"
"ENSMUSG00000031519","Asb5","ankyrin repeat and SOCs box-containing 5"
"ENSMUSG00000018341","Il12rb2","interleukin 12 receptor, beta 2"
"ENSMUSG00000019987","Arg1","arginase, liver"
"ENSMUSG00000038894","Irs2","insulin receptor substrate 2"
"ENSMUSG00000028989","Angptl7","angiopoietin-like 7"
"ENSMUSG00000052572","Dlg2","discs large MAGUK scaffold protein 2"
"ENSMUSG00000032452","Clstn2","calsyntenin 2"
"ENSMUSG00000037379","Spon2","spondin 2, extracellular matrix protein"
"ENSMUSG00000063531","Sema3e","sema domain, immunoglobulin domain (Ig), short basic domain, secreted, (semaphorin) 3E"
"ENSMUSG00000025064","Col17a1","collagen, type XVII, alpha 1"
"ENSMUSG00000049436","Upk1b","uroplakin 1B"
"ENSMUSG00000045382","Cxcr4","C-X-C motif chemokine receptor 4"
"ENSMUSG00000043531","Sorcs1","sortilin-related VPS10 domain containing receptor 1"
"ENSMUSG00000089679","Gm16299","predicted gene 16299"
"ENSMUSG00000026069","Il1rl1","interleukin 1 receptor-like 1"
"ENSMUSG00000050368","Hoxd10","homeobox D10"
"ENSMUSG00000087365",NA,NA
"ENSMUSG00000019851","Perp","PERP, TP53 apoptosis effector"
"ENSMUSG00000002324","Rec8","REC8 meiotic recombination protein"
"ENSMUSG00000039347","Atp6v0e2","ATPase, H+ transporting, lysosomal V0 subunit E2"
"ENSMUSG00000043773","1700048O20Rik","RIKEN cDNA 1700048O20 gene"
"ENSMUSG00000052760","A630001G21Rik","RIKEN cDNA A630001G21 gene"
"ENSMUSG00000024873","Cnih2","cornichon family AMPA receptor auxiliary protein 2"
"ENSMUSG00000044468","Tent5c","terminal nucleotidyltransferase 5C"
"ENSMUSG00000006445","Epha2","Eph receptor A2"
"ENSMUSG00000042115","Klhdc8a","kelch domain containing 8A"
"ENSMUSG00000015852","Fcrl2","Fc receptor like 2"
"ENSMUSG00000050875","Minar2","membrane integral NOTCH2 associated receptor 2"
"ENSMUSG00000049939","Lrrc4","leucine rich repeat containing 4"
"ENSMUSG00000025213","Kazald1","Kazal-type serine peptidase inhibitor domain 1"
"ENSMUSG00000026468","Lhx4","LIM homeobox protein 4"
"ENSMUSG00000028591","Pramel13","PRAME like 13"
"ENSMUSG00000031284","Pak3","p21 (RAC1) activated kinase 3"
"ENSMUSG00000014782","Plekhg4","pleckstrin homology domain containing, family G (with RhoGef domain) member 4"
"ENSMUSG00000021359","Tfap2a","transcription factor AP-2, alpha"
"ENSMUSG00000078300","Gm2606","glyceraldehyde-3-phosphate dehydrogenase pseudogene"
"ENSMUSG00000030218","Mgp","matrix Gla protein"
"ENSMUSG00000034156","Tspoap1","TSPO associated protein 1"
"ENSMUSG00000032186","Tmod2","tropomodulin 2"
"ENSMUSG00000129411",NA,NA
"ENSMUSG00000049556","Lingo1","leucine rich repeat and Ig domain containing 1"
"ENSMUSG00000070031","Sp140","Sp140 nuclear body protein"
"ENSMUSG00000019359","Gdpd2","glycerophosphodiester phosphodiesterase domain containing 2"
"ENSMUSG00000031748","Gnao1","guanine nucleotide binding protein, alpha O"
"ENSMUSG00000034981","Parm1","prostate androgen-regulated mucin-like protein 1"
"ENSMUSG00000034771","Tle2","transducin-like enhancer of split 2"
"ENSMUSG00000134796",NA,NA
"ENSMUSG00000036437","Npy1r","neuropeptide Y receptor Y1"
"ENSMUSG00000111394",NA,NA
"ENSMUSG00000038193","Hand2","heart and neural crest derivatives expressed 2"
"ENSMUSG00000053797","Krt16","keratin 16"
"ENSMUSG00000061527","Krt5","keratin 5"
"ENSMUSG00000032839","Trpc1","transient receptor potential cation channel, subfamily C, member 1"
"ENSMUSG00000002107","Celf2","CUGBP, Elav-like family member 2"
"ENSMUSG00000029673","Auts2","autism susceptibility candidate 2"
"ENSMUSG00000131635",NA,NA
"ENSMUSG00000001930","Vwf","Von Willebrand factor"
"ENSMUSG00000040229","Gpr34","G protein-coupled receptor 34"
"ENSMUSG00000035285","Nat14","N-acetyltransferase 14"
"ENSMUSG00000034997","Htr2a","5-hydroxytryptamine (serotonin) receptor 2A"
"ENSMUSG00000021583","Erap1","endoplasmic reticulum aminopeptidase 1"
"ENSMUSG00000021098","4930447C04Rik","RIKEN cDNA 4930447C04 gene"
"ENSMUSG00000001819","Hoxd13","homeobox D13"
"ENSMUSG00000044678","Ly6k","lymphocyte antigen 6 family member K"
"ENSMUSG00000024521","Pmaip1","phorbol-12-myristate-13-acetate-induced protein 1"
"ENSMUSG00000070605","Zfp992","zinc finger protein 992"
"ENSMUSG00000084796",NA,NA
"ENSMUSG00000033585","Ndn","necdin, MAGE family member"
"ENSMUSG00000090125","Pou3f1","POU domain, class 3, transcription factor 1"
"ENSMUSG00000042258","Isl1","ISL1 transcription factor, LIM/homeodomain"
"ENSMUSG00000029223","Uchl1","ubiquitin carboxy-terminal hydrolase L1"
"ENSMUSG00000029330","Cds1","CDP-diacylglycerol synthase 1"
"ENSMUSG00000038523","1700003F12Rik","RIKEN cDNA 1700003F12 gene"
"ENSMUSG00000039963","Ccdc40","coiled-coil domain containing 40"
"ENSMUSG00000044528","Tram1l1","translocation associated membrane protein 1-like 1"
"ENSMUSG00000019906","Lin7a","lin-7 homolog A, crumbs cell polarity complex component"
"ENSMUSG00000066113","Adamtsl1","ADAMTS-like 1"
"ENSMUSG00000019767","Ccdc170","coiled-coil domain containing 170"
"ENSMUSG00000029671","Wnt16","wingless-type MMTV integration site family, member 16"
"ENSMUSG00000056073","Grik2","glutamate receptor, ionotropic, kainate 2 (beta 2)"
"ENSMUSG00000041078","Grid1","glutamate receptor, ionotropic, delta 1"
"ENSMUSG00000029212","Gabrb1","gamma-aminobutyric acid type A receptor subunit beta 1"
"ENSMUSG00000029168","Dpysl5","dihydropyrimidinase-like 5"
"ENSMUSG00000022296","Baalc","brain and acute leukemia, cytoplasmic"
"ENSMUSG00000104667","Gm4961","kinesin superfamily protein 2C pseudogene"
"ENSMUSG00000028977","Casz1","castor zinc finger 1"
"ENSMUSG00000078307","AI593442","expressed sequence AI593442"
"ENSMUSG00000078942","Naip6","NLR family, apoptosis inhibitory protein 6"
"ENSMUSG00000109006",NA,NA
"ENSMUSG00000140700",NA,NA
"ENSMUSG00000079164","Tlr5","toll-like receptor 5"
"ENSMUSG00000000440","Pparg","peroxisome proliferator activated receptor gamma"
"ENSMUSG00000139940",NA,NA
"ENSMUSG00000029919","Hpgds","hematopoietic prostaglandin D synthase"
"ENSMUSG00000025083","Afap1l2","actin filament associated protein 1-like 2"
"ENSMUSG00000071714","Csf2rb2","colony stimulating factor 2 receptor, beta 2, low-affinity (granulocyte-macrophage)"
"ENSMUSG00000038146","Notch3","notch 3"
