"ID","Description","GeneRatio","BgRatio","pvalue","p.adjust","qvalue","geneID","Count"
"GO:0030216","keratinocyte differentiation","12/133","163/28891",1.47077785713983e-11,3.79460687142077e-08,2.6474001428517e-08,"Ptgs2/Krt14/Dsp/Krt6a/Bcl11b/Krt17/Epha2/Tfap2a/Krt16/Krt5/Pou3f1/Wnt16",12
"GO:0043588","skin development","15/133","340/28891",5.86456052192129e-11,7.56528307327847e-08,5.27810446972916e-08,"Sostdc1/Ptgs2/Krt14/Dsp/Krt6a/Igfbp5/Bcl11b/Lgr5/Krt17/Epha2/Tfap2a/Krt16/Krt5/Pou3f1/Wnt16",15
"GO:0008544","epidermis development","15/133","397/28891",5.03647276122604e-10,4.33136657465439e-07,3.02188365673562e-07,"Sostdc1/Ptgs2/Krt14/Dsp/Krt6a/Igfbp5/Bcl11b/Lgr5/Krt17/Epha2/Tfap2a/Krt16/Krt5/Pou3f1/Wnt16",15
"GO:0009913","epidermal cell differentiation","12/133","252/28891",2.25278215770589e-09,1.4530444917203e-06,1.01375197096765e-06,"Ptgs2/Krt14/Dsp/Krt6a/Bcl11b/Krt17/Epha2/Tfap2a/Krt16/Krt5/Pou3f1/Wnt16",12
"GO:0045109","intermediate filament organization","7/133","76/28891",6.27235509040738e-08,2.68187565039255e-05,1.87107603515759e-05,"Krt15/Krt14/Dsp/Krt6a/Krt17/Krt16/Krt5",7
"GO:0048732","gland development","14/133","489/28891",6.42170336402132e-08,2.68187565039255e-05,1.87107603515759e-05,"Hoxb9/Sostdc1/Pax3/Mdk/Igfbp5/Bcl11b/Nkx2-3/Irs2/Epha2/Hand2/Vwf/Hoxd13/Isl1/Ccdc40",14
"GO:0050767","regulation of neurogenesis","14/133","494/28891",7.27640680339064e-08,2.68187565039255e-05,1.87107603515759e-05,"Ptprf/Mdk/Myo5b/Btg2/Ptprd/Map2/Il1b/Sema3e/Cxcr4/Pak3/Lingo1/Dpysl5/Casz1/Pparg",14
"GO:0043523","regulation of neuron apoptotic process","11/133","310/28891",2.14848220924812e-07,5.92068550040091e-05,4.13071081423319e-05,"Ptprf/Mdk/Btg2/Il1b/Sema3e/Pak3/Tfap2a/Htr2a/Pmaip1/Isl1/Grik2",11
"GO:0043525","positive regulation of neuron apoptotic process","7/133","94/28891",2.74186475032695e-07,5.92068550040091e-05,4.13071081423319e-05,"Ptprf/Il1b/Pak3/Tfap2a/Htr2a/Pmaip1/Grik2",7
"GO:0001667","ameboidal-type cell migration","13/133","471/28891",2.94991498983912e-07,5.92068550040091e-05,4.13071081423319e-05,"Pax3/Ptgs2/Twist1/Irs2/Sema3e/Cxcr4/Epha2/Pak3/Tfap2a/Hand2/Krt16/Isl1/Pparg",13
"GO:0060562","epithelial tube morphogenesis","12/133","395/28891",3.13432707937054e-07,5.92068550040091e-05,4.13071081423319e-05,"Sostdc1/Pax3/Mdk/Lgr5/Twist1/Sema3e/Cxcr4/Epha2/Tfap2a/Mgp/Hand2/Ccdc40",12
"GO:0045104","intermediate filament cytoskeleton organization","7/133","96/28891",3.16851539967889e-07,5.92068550040091e-05,4.13071081423319e-05,"Krt15/Krt14/Dsp/Krt6a/Krt17/Krt16/Krt5",7
"GO:0045103","intermediate filament-based process","7/133","97/28891",3.40195802082238e-07,5.92068550040091e-05,4.13071081423319e-05,"Krt15/Krt14/Dsp/Krt6a/Krt17/Krt16/Krt5",7
"GO:0042303","molting cycle","8/133","143/28891",3.44225901186099e-07,5.92068550040091e-05,4.13071081423319e-05,"Sostdc1/Ptgs2/Krt14/Igfbp5/Per1/Lgr5/Krt17/Krt16",8
"GO:0042633","hair cycle","8/133","143/28891",3.44225901186099e-07,5.92068550040091e-05,4.13071081423319e-05,"Sostdc1/Ptgs2/Krt14/Igfbp5/Per1/Lgr5/Krt17/Krt16",8
"GO:0021953","central nervous system neuron differentiation","9/133","212/28891",6.45243666637871e-07,0.000104045541245357,7.25899124967604e-05,"Pax3/Btg2/Bcl11b/Sema3e/Hoxd10/Lhx4/Tfap2a/Lingo1/Isl1",9
"GO:0051402","neuron apoptotic process","11/133","369/28891",1.19550500213718e-06,0.000181435465030231,0.000126582882579231,"Ptprf/Mdk/Btg2/Il1b/Sema3e/Pak3/Tfap2a/Htr2a/Pmaip1/Isl1/Grik2",11
"GO:0060485","mesenchyme development","10/133","316/28891",2.18946659109485e-06,0.000313823544723596,0.000218946659109485,"Pax3/Mdk/Adamts5/Il1b/Twist1/Sema3e/Tfap2a/Hand2/Isl1/Wnt16",10
"GO:0001503","ossification","12/133","484/28891",2.62149567574277e-06,0.000355971518074545,0.000248352221912473,"Mmp13/Mdk/Ptgs2/Igfbp5/Twist1/Epha2/Kazald1/Tfap2a/Mgp/Gdpd2/Hand2/Pparg",12
"GO:0048762","mesenchymal cell differentiation","9/133","254/28891",2.87251739118466e-06,0.000370554743462822,0.00025852656520662,"Pax3/Mdk/Il1b/Twist1/Sema3e/Tfap2a/Hand2/Isl1/Wnt16",9
"GO:0014032","neural crest cell development","6/133","87/28891",3.16089454908805e-06,0.000388338473173674,0.000270933818493261,"Pax3/Twist1/Sema3e/Tfap2a/Hand2/Isl1",6
"GO:0045923","positive regulation of fatty acid metabolic process","5/133","50/28891",3.43931781007801e-06,0.000403338179545511,0.000281398729915473,"Ptgs2/Il1b/Twist1/Irs2/Pparg",5
"GO:0048663","neuron fate commitment","6/133","90/28891",3.85349955702341e-06,0.000432262124222626,0.000301578226201832,"Pax3/Bcl11b/Hoxd10/Isl1/Casz1/Notch3",6
"GO:0045685","regulation of glial cell differentiation","6/133","98/28891",6.32190262792543e-06,0.000652420351201904,0.000455176989210631,"Mdk/Il1b/Cxcr4/Lingo1/Casz1/Pparg",6
"GO:0048864","stem cell development","6/133","98/28891",6.32190262792543e-06,0.000652420351201904,0.000455176989210631,"Pax3/Twist1/Sema3e/Tfap2a/Hand2/Isl1",6
"GO:0014033","neural crest cell differentiation","6/133","100/28891",7.10572354006944e-06,0.000705106412822275,0.000491934706620192,"Pax3/Twist1/Sema3e/Tfap2a/Hand2/Isl1",6
"GO:0022612","gland morphogenesis","7/133","158/28891",8.94707597169807e-06,0.000854942815073371,0.000596471731446538,"Sostdc1/Pax3/Mdk/Igfbp5/Nkx2-3/Epha2/Hoxd13",7
"GO:0003007","heart morphogenesis","9/133","294/28891",9.36247010675943e-06,0.000862684745551405,0.000601873078291678,"Dsp/Adamts5/Twist1/Tfap2a/Npy1r/Hand2/Isl1/Ccdc40/Wnt16",9
"GO:0001755","neural crest cell migration","5/133","62/28891",1.00498274927446e-05,0.000894088101078661,0.000623782396101391,"Pax3/Twist1/Sema3e/Hand2/Isl1",5
"GO:0090497","mesenchymal cell migration","5/133","64/28891",1.17543976256017e-05,0.00101087819580175,0.000705263857536103,"Pax3/Twist1/Sema3e/Hand2/Isl1",5
"GO:0045165","cell fate commitment","9/133","307/28891",1.3213687132277e-05,0.00109971976778306,0.000767246349616086,"Sostdc1/Pax3/Bcl11b/Hoxd10/Isl1/Wnt16/Casz1/Pparg/Notch3",9
"GO:1901342","regulation of vasculature development","9/133","311/28891",1.46415987378028e-05,0.00118047889823535,0.000823589929001406,"Mdk/Il1b/Angptl7/Sema3e/Cxcr4/Epha2/Erap1/Isl1/Pparg",9
"GO:0050768","negative regulation of neurogenesis","7/133","175/28891",1.73789789452423e-05,0.00135872017208258,0.000947944306104125,"Btg2/Map2/Il1b/Sema3e/Lingo1/Dpysl5/Casz1",7
"GO:0048934","peripheral nervous system neuron differentiation","3/133","12/28891",2.03550898624951e-05,0.00150046090986392,0.00104683319292832,"Hoxd10/Hand2/Isl1",3
"GO:0048935","peripheral nervous system neuron development","3/133","12/28891",2.03550898624951e-05,0.00150046090986392,0.00104683319292832,"Hoxd10/Hand2/Isl1",3
"GO:0051961","negative regulation of nervous system development","7/133","183/28891",2.31761896348742e-05,0.00166096025716598,0.00115880948174371,"Btg2/Map2/Il1b/Sema3e/Lingo1/Dpysl5/Casz1",7
"GO:0062013","positive regulation of small molecule metabolic process","7/133","186/28891",2.57244511778308e-05,0.00179375902807577,0.00125145978702961,"Ptgs2/Il1b/Twist1/Irs2/Htr2a/Pmaip1/Pparg",7
"GO:0030900","forebrain development","10/133","425/28891",2.88530361023424e-05,0.0019589692932643,0.00136672276274253,"Igf2bp1/Mdk/Btg2/Bcl11b/Sema3e/Cxcr4/Tfap2a/Pou3f1/Isl1/Notch3",10
"GO:0042476","odontogenesis","6/133","132/28891",3.46098689971812e-05,0.00224398852329995,0.0015655733883488,"Sostdc1/Bcl11b/Nkx2-3/Perp/Tfap2a/Hand2",6
"GO:0001659","temperature homeostasis","7/133","195/28891",3.47905197410844e-05,0.00224398852329995,0.0015655733883488,"Ptgs2/Nova1/Adamts5/Il1b/Cxcr4/Htr2a/Pparg",7
"GO:0003012","muscle system process","10/133","446/28891",4.33066979856637e-05,0.00272515319031737,0.00190126966766328,"Kcnh2/Ptgs2/Dsp/Igfbp5/Cxcr4/Tmod2/Npy1r/Hand2/Htr2a/Pparg",10
"GO:0048730","epidermis morphogenesis","4/133","44/28891",5.05125342154008e-05,0.00310291281608891,0.00216482289494575,"Sostdc1/Igfbp5/Krt17/Tfap2a",4
"GO:0014013","regulation of gliogenesis","6/133","143/28891",5.41702872401589e-05,0.00324212049408171,0.00226194453075468,"Mdk/Il1b/Cxcr4/Lingo1/Casz1/Pparg",6
"GO:0003151","outflow tract morphogenesis","5/133","88/28891",5.52919774184478e-05,0.00324212049408171,0.00226194453075468,"Twist1/Tfap2a/Npy1r/Hand2/Isl1",5
"GO:0019233","sensory perception of pain","5/133","95/28891",7.96999816735691e-05,0.00447012940690888,0.0031186949350527,"Dlg2/Cxcr4/Npy1r/Htr2a/Ndn",5
"GO:0042475","odontogenesis of dentin-containing tooth","5/133","95/28891",7.96999816735691e-05,0.00447012940690888,0.0031186949350527,"Sostdc1/Bcl11b/Nkx2-3/Perp/Hand2",5
"GO:0051962","positive regulation of nervous system development","9/133","391/28891",8.64721969796651e-05,0.00474677166399013,0.00331170116092335,"Ptprf/Mdk/Myo5b/Ptprd/Il1b/Clstn2/Cxcr4/Pak3/Pparg",9
"GO:0045765","regulation of angiogenesis","8/133","307/28891",9.21814620913462e-05,0.00495475358740986,0.00345680482842548,"Mdk/Il1b/Sema3e/Cxcr4/Epha2/Erap1/Isl1/Pparg",8
"GO:0048814","regulation of dendrite morphogenesis","5/133","99/28891",9.69489670268889e-05,0.00510465989651782,0.00356139062547755,"Ptprf/Myo5b/Ptprd/Pak3/Dpysl5",5
"GO:0007389","pattern specification process","10/133","498/28891",0.000107841136730069,0.00546321017857057,0.00381154198504924,"Hoxb9/Sostdc1/Pax3/Btg2/Hoxd10/Tfap2a/Hand2/Hoxd13/Isl1/Ccdc40",10
"GO:0098773","skin epidermis development","6/133","162/28891",0.000107993689576395,0.00546321017857057,0.00381154198504924,"Sostdc1/Ptgs2/Igfbp5/Lgr5/Krt17/Krt16",6
"GO:0010718","positive regulation of epithelial to mesenchymal transition","4/133","54/28891",0.000113561338114865,0.00559760856771571,0.00390530830305747,"Mdk/Il1b/Twist1/Isl1",4
"GO:0043491","phosphatidylinositol 3-kinase/protein kinase B signal transduction","8/133","317/28891",0.000114989633367803,0.00559760856771571,0.00390530830305747,"Igfbp5/Twist1/Irs2/Sema3e/Epha2/Lingo1/Htr2a/Wnt16",8
"GO:0030879","mammary gland development","6/133","165/28891",0.000119421427690369,0.00570569043409541,0.00398071425634564,"Hoxb9/Sostdc1/Pax3/Igfbp5/Irs2/Epha2",6
"GO:0030198","extracellular matrix organization","8/133","322/28891",0.000128034679886196,0.00591974188606571,0.0041300524786505,"Mmp13/Adamts5/Col7a1/Angptl7/Col17a1/Kazald1/Tfap2a/Adamtsl1",8
"GO:0010721","negative regulation of cell development","8/133","323/28891",0.000130784995157266,0.00591974188606571,0.0041300524786505,"Mdk/Btg2/Map2/Il1b/Sema3e/Lingo1/Dpysl5/Casz1",8
"GO:0045229","external encapsulating structure organization","8/133","323/28891",0.000130784995157266,0.00591974188606571,0.0041300524786505,"Mmp13/Adamts5/Col7a1/Angptl7/Col17a1/Kazald1/Tfap2a/Adamtsl1",8
"GO:0043062","extracellular structure organization","8/133","324/28891",0.000133583934482733,0.00594218191319741,0.00414570831153308,"Mmp13/Adamts5/Col7a1/Angptl7/Col17a1/Kazald1/Tfap2a/Adamtsl1",8
"GO:0046321","positive regulation of fatty acid oxidation","3/133","22/28891",0.000137761535968057,0.00602414852199301,0.00420289431766954,"Twist1/Irs2/Pparg",3
"GO:0050769","positive regulation of neurogenesis","8/133","329/28891",0.000148331463193836,0.00609109020689607,0.0042495978187647,"Ptprf/Mdk/Myo5b/Ptprd/Il1b/Cxcr4/Pak3/Pparg",8
"GO:0043388","positive regulation of DNA binding","4/133","58/28891",0.000150197756138925,0.00609109020689607,0.0042495978187647,"Twist1/Hand2/Isl1/Pparg",4
"GO:0045687","positive regulation of glial cell differentiation","4/133","58/28891",0.000150197756138925,0.00609109020689607,0.0042495978187647,"Mdk/Il1b/Cxcr4/Pparg",4
"GO:0007611","learning or memory","8/133","331/28891",0.000154594572983694,0.00609109020689607,0.0042495978187647,"Mdk/Ptgs2/Btg2/Il1b/Lrrn4/Clstn2/Tmod2/Htr2a",8
"GO:0050708","regulation of protein secretion","8/133","331/28891",0.000154594572983694,0.00609109020689607,0.0042495978187647,"Mmp13/Trh/Il1b/Irs2/Gnao1/Trpc1/Isl1/Pparg",8
"GO:0021515","cell differentiation in spinal cord","4/133","59/28891",0.000160549477155645,0.00609109020689607,0.0042495978187647,"Pax3/Hoxd10/Lhx4/Isl1",4
"GO:0048713","regulation of oligodendrocyte differentiation","4/133","59/28891",0.000160549477155645,0.00609109020689607,0.0042495978187647,"Mdk/Cxcr4/Lingo1/Pparg",4
"GO:0001763","morphogenesis of a branching structure","7/133","249/28891",0.000160679636173377,0.00609109020689607,0.0042495978187647,"Mdk/Il1b/Sema3e/Cxcr4/Epha2/Mgp/Hoxd13",7
"GO:0019217","regulation of fatty acid metabolic process","5/133","111/28891",0.000166241900174436,0.00609109020689607,0.0042495978187647,"Ptgs2/Il1b/Twist1/Irs2/Pparg",5
"GO:0031424","keratinization","4/133","60/28891",0.000171406957839454,0.00609109020689607,0.0042495978187647,"Krt6a/Krt17/Krt16/Krt5",4
"GO:0060443","mammary gland morphogenesis","4/133","60/28891",0.000171406957839454,0.00609109020689607,0.0042495978187647,"Sostdc1/Pax3/Igfbp5/Epha2",4
"GO:0007411","axon guidance","7/133","252/28891",0.000172931597233183,0.00609109020689607,0.0042495978187647,"Bcl11b/Sema3e/Cxcr4/Lhx4/Isl1/Dpysl5/Notch3",7
"GO:0097485","neuron projection guidance","7/133","252/28891",0.000172931597233183,0.00609109020689607,0.0042495978187647,"Bcl11b/Sema3e/Cxcr4/Lhx4/Isl1/Dpysl5/Notch3",7
"GO:0099173","postsynapse organization","7/133","252/28891",0.000172931597233183,0.00609109020689607,0.0042495978187647,"Ptprf/Myo5b/Ptprd/Dlg2/Lrrc4/Pak3/Grid1",7
"GO:0046883","regulation of hormone secretion","8/133","337/28891",0.000174705688104771,0.00609109020689607,0.0042495978187647,"Trh/Il1b/Irs2/Gnao1/Npy1r/Trpc1/Isl1/Pparg",8
"GO:0051222","positive regulation of protein transport","8/133","346/28891",0.000208873298229535,0.007185241459096,0.00501295915750884,"Mmp13/Trh/Ptgs2/Irs2/Trpc1/Pmaip1/Isl1/Pparg",8
"GO:0050775","positive regulation of dendrite morphogenesis","4/133","64/28891",0.000220187009580799,0.00745080337531518,0.00519823491301059,"Ptprf/Myo5b/Ptprd/Pak3",4
"GO:0045834","positive regulation of lipid metabolic process","6/133","185/28891",0.000222368937945453,0.00745080337531518,0.00519823491301059,"Ptgs2/Il1b/Twist1/Irs2/Htr2a/Pparg",6
"GO:0090276","regulation of peptide hormone secretion","7/133","264/28891",0.00022973304630555,0.00751303633799353,0.00524165325906525,"Trh/Il1b/Irs2/Gnao1/Trpc1/Isl1/Pparg",7
"GO:0001942","hair follicle development","5/133","119/28891",0.000230050337481197,0.00751303633799353,0.00524165325906525,"Sostdc1/Ptgs2/Igfbp5/Lgr5/Krt17",5
"GO:0050714","positive regulation of protein secretion","6/133","188/28891",0.000242489674898905,0.00761427495482299,0.00531228485220209,"Mmp13/Trh/Irs2/Trpc1/Isl1/Pparg",6
"GO:0019221","cytokine-mediated signaling pathway","9/133","450/28891",0.000247107455598642,0.00761427495482299,0.00531228485220209,"Ptprf/Il1b/Il12rb2/Arg1/Cxcr4/Il1rl1/Naip6/Pparg/Csf2rb2",9
"GO:1903522","regulation of blood circulation","7/133","268/28891",0.000251700125117892,0.00761427495482299,0.00531228485220209,"Kcnh2/Ptgs2/Dsp/Gnao1/Npy1r/Htr2a/Isl1",7
"GO:0010575","positive regulation of vascular endothelial growth factor production","3/133","27/28891",0.000257289870257709,0.00761427495482299,0.00531228485220209,"Ptgs2/Il1b/Isl1",3
"GO:0050961","detection of temperature stimulus involved in sensory perception","3/133","27/28891",0.000257289870257709,0.00761427495482299,0.00531228485220209,"Cxcr4/Htr2a/Grik2",3
"GO:0002791","regulation of peptide secretion","7/133","269/28891",0.000257448006280573,0.00761427495482299,0.00531228485220209,"Trh/Il1b/Irs2/Gnao1/Trpc1/Isl1/Pparg",7
"GO:0022404","molting cycle process","5/133","122/28891",0.000258245625421354,0.00761427495482299,0.00531228485220209,"Sostdc1/Ptgs2/Igfbp5/Lgr5/Krt17",5
"GO:0022405","hair cycle process","5/133","122/28891",0.000258245625421354,0.00761427495482299,0.00531228485220209,"Sostdc1/Ptgs2/Igfbp5/Lgr5/Krt17",5
"GO:0010770","positive regulation of cell morphogenesis","4/133","67/28891",0.00026280540890171,0.00761427495482299,0.00531228485220209,"Ptprf/Myo5b/Ptprd/Pak3",4
"GO:0098930","axonal transport","4/133","67/28891",0.00026280540890171,0.00761427495482299,0.00531228485220209,"Map2/Dlg2/Cnih2/Uchl1",4
"GO:0003002","regionalization","9/133","455/28891",0.000267984708565981,0.00761427495482299,0.00531228485220209,"Hoxb9/Sostdc1/Pax3/Btg2/Hoxd10/Hand2/Hoxd13/Isl1/Ccdc40",9
"GO:0090087","regulation of peptide transport","7/133","271/28891",0.000269260940553616,0.00761427495482299,0.00531228485220209,"Trh/Il1b/Irs2/Gnao1/Trpc1/Isl1/Pparg",7
"GO:0048813","dendrite morphogenesis","6/133","192/28891",0.000271516781334773,0.00761427495482299,0.00531228485220209,"Igf2bp1/Ptprf/Myo5b/Ptprd/Pak3/Dpysl5",6
"GO:1904951","positive regulation of establishment of protein localization","8/133","362/28891",0.000283111625909699,0.00785406446072067,0.00547957985631675,"Mmp13/Trh/Ptgs2/Irs2/Trpc1/Pmaip1/Isl1/Pparg",8
"GO:0045600","positive regulation of fat cell differentiation","4/133","70/28891",0.000311048041422242,0.00844740996704616,0.00589354183747407,"Ptgs2/Htr2a/Cds1/Pparg",4
"GO:0045668","negative regulation of osteoblast differentiation","4/133","70/28891",0.000311048041422242,0.00844740996704616,0.00589354183747407,"Igfbp5/Twist1/Hand2/Pparg",4
"GO:0050890","cognition","8/133","371/28891",0.000333558657295074,0.00888942277344265,0.00620192286519255,"Mdk/Ptgs2/Btg2/Il1b/Lrrn4/Clstn2/Tmod2/Htr2a",8
"GO:0035249","synaptic transmission, glutamatergic","5/133","129/28891",0.000334214732179821,0.00888942277344265,0.00620192286519255,"Ptgs2/Cnih2/Htr2a/Grik2/Grid1",5
"GO:0016048","detection of temperature stimulus","3/133","30/28891",0.000353541307293098,0.00912136572816193,0.00636374353127576,"Cxcr4/Htr2a/Grik2",3
"GO:0032891","negative regulation of organic acid transport","3/133","30/28891",0.000353541307293098,0.00912136572816193,0.00636374353127576,"Trh/Il1b/Irs2",3
"GO:0101023","vascular endothelial cell proliferation","3/133","30/28891",0.000353541307293098,0.00912136572816193,0.00636374353127576,"Enpep/Mdk/Pparg",3
"GO:0048863","stem cell differentiation","7/133","284/28891",0.000357113937633534,0.00912231642667838,0.0063644068093105,"Pax3/Krt14/Twist1/Sema3e/Tfap2a/Hand2/Isl1",7
"GO:0001764","neuron migration","6/133","206/28891",0.000395211249244564,0.00989946624321336,0.00690660435573025,"Mdk/Twist1/Sema3e/Cxcr4/Auts2/Ndn",6
"GO:0032872","regulation of stress-activated MAPK cascade","6/133","206/28891",0.000395211249244564,0.00989946624321336,0.00690660435573025,"Per1/Il1b/Hand2/Wnt16/Grik2/Naip6",6
"GO:0050805","negative regulation of synaptic transmission","4/133","75/28891",0.000405078933962725,0.0100490735540753,0.00701098154935486,"Ptgs2/Il1b/Htr2a/Grik2",4
"GO:0010001","glial cell differentiation","7/133","292/28891",0.000421700544665179,0.0101478666004696,0.00707990693056018,"Mdk/Il1b/Cxcr4/Lingo1/Pou3f1/Casz1/Pparg",7
"GO:0060560","developmental growth involved in morphogenesis","7/133","292/28891",0.000421700544665179,0.0101478666004696,0.00707990693056018,"Myo5b/Map2/Sema3e/Cxcr4/Auts2/Hoxd13/Ndn",7
"GO:0001960","negative regulation of cytokine-mediated signaling pathway","4/133","76/28891",0.000426069356671399,0.0101478666004696,0.00707990693056018,"Ptprf/Arg1/Naip6/Pparg",4
"GO:0001516","prostaglandin biosynthetic process","3/133","32/28891",0.00042901799527872,0.0101478666004696,0.00707990693056018,"Ptgs2/Il1b/Hpgds",3
"GO:0046457","prostanoid biosynthetic process","3/133","32/28891",0.00042901799527872,0.0101478666004696,0.00707990693056018,"Ptgs2/Il1b/Hpgds",3
"GO:0043524","negative regulation of neuron apoptotic process","6/133","210/28891",0.000437591927379252,0.0101478666004696,0.00707990693056018,"Mdk/Btg2/Sema3e/Tfap2a/Isl1/Grik2",6
"GO:0070302","regulation of stress-activated protein kinase signaling cascade","6/133","210/28891",0.000437591927379252,0.0101478666004696,0.00707990693056018,"Per1/Il1b/Hand2/Wnt16/Grik2/Naip6",6
"GO:0030282","bone mineralization","5/133","137/28891",0.000440527542345966,0.0101478666004696,0.00707990693056018,"Mmp13/Ptgs2/Twist1/Tfap2a/Mgp",5
"GO:1990138","neuron projection extension","6/133","211/28891",0.000448721365338225,0.0102451426776338,0.00714777396113988,"Myo5b/Map2/Sema3e/Cxcr4/Auts2/Ndn",6
"GO:0062012","regulation of small molecule metabolic process","8/133","389/28891",0.000456519300824337,0.0103317525976034,0.00720819948670005,"Ier3/Ptgs2/Il1b/Twist1/Irs2/Htr2a/Pmaip1/Pparg",8
"GO:1903532","positive regulation of secretion by cell","8/133","390/28891",0.000464303834892237,0.010416555600191,0.00726736437222631,"Mmp13/Trh/Myo5b/Il1b/Irs2/Trpc1/Isl1/Pparg",8
"GO:0050996","positive regulation of lipid catabolic process","3/133","33/28891",0.000470336296300699,0.0104609279694466,0.00729832183914877,"Il1b/Twist1/Irs2",3
"GO:0048771","tissue remodeling","6/133","215/28891",0.000495465830503804,0.0109256567752121,0.00762255123852006,"Mdk/Igfbp5/Epha2/Hand2/Wnt16/Pparg",6
"GO:0060761","negative regulation of response to cytokine stimulus","4/133","80/28891",0.00051783748882476,0.0113144597981382,0.00789380916149173,"Ptprf/Arg1/Naip6/Pparg",4
"GO:0042063","gliogenesis","8/133","397/28891",0.000521868494565287,0.0113144597981382,0.00789380916149173,"Mdk/Il1b/Cxcr4/Lingo1/Ndn/Pou3f1/Casz1/Pparg",8
"GO:0048675","axon extension","5/133","143/28891",0.000535644986252985,0.0115139421659442,0.00803298290647269,"Myo5b/Map2/Sema3e/Auts2/Ndn",5
"GO:0030326","embryonic limb morphogenesis","5/133","144/28891",0.000552887106425184,0.0115139421659442,0.00803298290647269,"Twist1/Hoxd10/Tfap2a/Hand2/Hoxd13",5
"GO:0035113","embryonic appendage morphogenesis","5/133","144/28891",0.000552887106425184,0.0115139421659442,0.00803298290647269,"Twist1/Hoxd10/Tfap2a/Hand2/Hoxd13",5
"GO:0010574","regulation of vascular endothelial growth factor production","3/133","35/28891",0.000560435045975164,0.0115139421659442,0.00803298290647269,"Ptgs2/Il1b/Isl1",3
"GO:0048714","positive regulation of oligodendrocyte differentiation","3/133","35/28891",0.000560435045975164,0.0115139421659442,0.00803298290647269,"Mdk/Cxcr4/Pparg",3
"GO:0050951","sensory perception of temperature stimulus","3/133","35/28891",0.000560435045975164,0.0115139421659442,0.00803298290647269,"Cxcr4/Htr2a/Grik2",3
"GO:0050773","regulation of dendrite development","5/133","145/28891",0.000570542892161325,0.0115139421659442,0.00803298290647269,"Ptprf/Myo5b/Ptprd/Pak3/Dpysl5",5
"GO:0008217","regulation of blood pressure","6/133","221/28891",0.000572599700431981,0.0115139421659442,0.00803298290647269,"Enpep/Ier3/Ptgs2/Slc4a5/Npy1r/Pparg",6
"GO:0050796","regulation of insulin secretion","6/133","221/28891",0.000572599700431981,0.0115139421659442,0.00803298290647269,"Trh/Il1b/Irs2/Gnao1/Trpc1/Isl1",6
"GO:0046879","hormone secretion","8/133","403/28891",0.00057569710829721,0.0115139421659442,0.00803298290647269,"Trh/Il1b/Irs2/Gnao1/Npy1r/Trpc1/Isl1/Pparg",8
"GO:0001959","regulation of cytokine-mediated signaling pathway","5/133","146/28891",0.00058861870339934,0.0116818173443869,0.00815010512399086,"Ptprf/Arg1/Cxcr4/Naip6/Pparg",5
"GO:0007422","peripheral nervous system development","4/133","83/28891",0.000595306103137414,0.0117243492068285,0.00817977851639195,"Hoxd10/Hand2/Pou3f1/Isl1",4
"GO:0086091","regulation of heart rate by cardiac conduction","3/133","36/28891",0.00060933348882182,0.0118201533921827,0.00824661864570885,"Kcnh2/Dsp/Isl1",3
"GO:0099560","synaptic membrane adhesion","3/133","36/28891",0.00060933348882182,0.0118201533921827,0.00824661864570885,"Ptprf/Ptprd/Lrrc4",3
"GO:0048706","embryonic skeletal system development","5/133","148/28891",0.000626056013343635,0.0120207612872377,0.00838657764225887,"Hoxb9/Twist1/Hoxd10/Tfap2a/Hand2",5
"GO:0061351","neural precursor cell proliferation","6/133","225/28891",0.000628993323169415,0.0120207612872377,0.00838657764225887,"Igf2bp1/Mdk/Btg2/Bcl11b/Il1b/Cxcr4",6
"GO:0009914","hormone transport","8/133","411/28891",0.000654373757497542,0.0123232430244063,0.00859761141237647,"Trh/Il1b/Irs2/Gnao1/Npy1r/Trpc1/Isl1/Pparg",8
"GO:0050727","regulation of inflammatory response","8/133","411/28891",0.000654373757497542,0.0123232430244063,0.00859761141237647,"Mdk/Ier3/Ptgs2/Nlrp4c/Il1b/Il1rl1/Isl1/Pparg",8
"GO:0061448","connective tissue development","7/133","316/28891",0.000673173682221597,0.0125854210154472,0.00878052628984692,"Mmp13/Mdk/Serpinb7/Epyc/Mgp/Hand2/Pparg",7
"GO:0061138","morphogenesis of a branching epithelium","6/133","229/28891",0.00068960467550276,0.0127998565668858,0.00893013248852495,"Mdk/Sema3e/Cxcr4/Epha2/Mgp/Hoxd13",6
"GO:0001649","osteoblast differentiation","6/133","230/28891",0.000705441267975375,0.012992959160179,0.00906485522803185,"Igfbp5/Twist1/Epha2/Gdpd2/Hand2/Pparg",6
"GO:0008088","axo-dendritic transport","4/133","87/28891",0.000710943740022845,0.012992959160179,0.00906485522803185,"Map2/Dlg2/Cnih2/Uchl1",4
"GO:0031069","hair follicle morphogenesis","3/133","38/28891",0.000715116356878068,0.012992959160179,0.00906485522803185,"Sostdc1/Igfbp5/Krt17",3
"GO:0046328","regulation of JNK cascade","5/133","153/28891",0.000727451412804606,0.0131246478673838,0.00915673107026777,"Per1/Il1b/Wnt16/Grik2/Naip6",5
"GO:0030072","peptide hormone secretion","7/133","321/28891",0.000738079376929628,0.0132239221699892,0.00922599221162035,"Trh/Il1b/Irs2/Gnao1/Trpc1/Isl1/Pparg",7
"GO:0003203","endocardial cushion morphogenesis","3/133","39/28891",0.000772113102666557,0.013551372822311,0.0094544461551007,"Adamts5/Twist1/Isl1",3
"GO:0010573","vascular endothelial growth factor production","3/133","39/28891",0.000772113102666557,0.013551372822311,0.0094544461551007,"Ptgs2/Il1b/Isl1",3
"GO:0021522","spinal cord motor neuron differentiation","3/133","39/28891",0.000772113102666557,0.013551372822311,0.0094544461551007,"Hoxd10/Lhx4/Isl1",3
"GO:0006936","muscle contraction","7/133","324/28891",0.000779340483067037,0.0135858003129254,0.0094784653345991,"Kcnh2/Ptgs2/Dsp/Cxcr4/Tmod2/Npy1r/Htr2a",7
"GO:0060759","regulation of response to cytokine stimulus","5/133","156/28891",0.000793901293294695,0.0137467472261766,0.00959075387872786,"Ptprf/Arg1/Cxcr4/Naip6/Pparg",5
"GO:0016358","dendrite development","7/133","327/28891",0.000822406510345372,0.0140999732010807,0.00983719060540513,"Igf2bp1/Ptprf/Myo5b/Ptprd/Map2/Pak3/Dpysl5",7
"GO:0050678","regulation of epithelial cell proliferation","8/133","426/28891",0.000825230989675652,0.0140999732010807,0.00983719060540513,"Mdk/Bcl11b/Nkx2-3/Twist1/Arg1/Irs2/Isl1/Pparg",8
"GO:0045665","negative regulation of neuron differentiation","4/133","91/28891",0.000841637583159695,0.0142856905562633,0.00996676085320692,"Il1b/Isl1/Casz1/Notch3",4
"GO:0002790","peptide secretion","7/133","329/28891",0.000852147329647462,0.01436954320582,0.0100252627017349,"Trh/Il1b/Irs2/Gnao1/Trpc1/Isl1/Pparg",7
"GO:0014015","positive regulation of gliogenesis","4/133","93/28891",0.000912954356035532,0.0150738661790205,0.0105166508225724,"Mdk/Il1b/Cxcr4/Pparg",4
"GO:0002064","epithelial cell development","6/133","242/28891",0.000918314046169725,0.0150738661790205,0.0105166508225724,"Bcl11b/Il1b/Slc4a5/Cxcr4/Epha2/Tfap2a",6
"GO:0002934","desmosome organization","2/133","10/28891",0.000923893469630535,0.0150738661790205,0.0105166508225724,"Dsp/Perp",2
"GO:0003253","cardiac neural crest cell migration involved in outflow tract morphogenesis","2/133","10/28891",0.000923893469630535,0.0150738661790205,0.0105166508225724,"Twist1/Hand2",2
"GO:0009306","protein secretion","8/133","434/28891",0.000930042120219281,0.0150738661790205,0.0105166508225724,"Mmp13/Trh/Il1b/Irs2/Gnao1/Trpc1/Isl1/Pparg",8
"GO:0045667","regulation of osteoblast differentiation","5/133","162/28891",0.000940271924572758,0.0150738661790205,0.0105166508225724,"Igfbp5/Twist1/Gdpd2/Hand2/Pparg",5
"GO:0035592","establishment of protein localization to extracellular region","8/133","435/28891",0.000943861941132979,0.0150738661790205,0.0105166508225724,"Mmp13/Trh/Il1b/Irs2/Gnao1/Trpc1/Isl1/Pparg",8
"GO:0048880","sensory system development","8/133","435/28891",0.000943861941132979,0.0150738661790205,0.0105166508225724,"Bcl11b/Slc4a5/Twist1/Angptl7/Epha2/Tfap2a/Isl1/Casz1",8
"GO:0048562","embryonic organ morphogenesis","7/133","335/28891",0.000946498574031518,0.0150738661790205,0.0105166508225724,"Hoxb9/Twist1/Hoxd10/Epha2/Tfap2a/Hand2/Ccdc40",7
"GO:1900744","regulation of p38MAPK cascade","3/133","42/28891",0.000960179119834591,0.015197927172842,0.0106032050043084,"Per1/Il1b/Hand2",3
"GO:0051047","positive regulation of secretion","8/133","437/28891",0.000971995979690232,0.0152911562658585,0.0106682485575757,"Mmp13/Trh/Myo5b/Il1b/Irs2/Trpc1/Isl1/Pparg",8
"GO:0045664","regulation of neuron differentiation","6/133","245/28891",0.000978536990356754,0.0153007602128511,0.01067494898571,"Bcl11b/Il1b/Tfap2a/Isl1/Casz1/Notch3",6
"GO:0001837","epithelial to mesenchymal transition","5/133","164/28891",0.000993252938832935,0.0153448657616106,0.0107057202987981,"Mdk/Il1b/Twist1/Isl1/Wnt16",5
"GO:0007613","memory","5/133","164/28891",0.000993252938832935,0.0153448657616106,0.0107057202987981,"Mdk/Ptgs2/Il1b/Lrrn4/Htr2a",5
"GO:0006636","unsaturated fatty acid biosynthetic process","3/133","43/28891",0.00102873622884143,0.0157285603487619,0.0109734141968106,"Ptgs2/Il1b/Hpgds",3
"GO:0071692","protein localization to extracellular region","8/133","441/28891",0.00103028166625611,0.0157285603487619,0.0109734141968106,"Mmp13/Trh/Il1b/Irs2/Gnao1/Trpc1/Isl1/Pparg",8
"GO:0051403","stress-activated MAPK cascade","6/133","248/28891",0.00104175442097369,0.0158101553300713,0.0110303409279568,"Per1/Il1b/Hand2/Wnt16/Grik2/Naip6",6
"GO:0015833","peptide transport","7/133","343/28891",0.00108490732827444,0.016136454397891,0.0112579914403891,"Trh/Il1b/Irs2/Gnao1/Trpc1/Isl1/Pparg",7
"GO:0021954","central nervous system neuron development","4/133","98/28891",0.00110969920838329,0.016136454397891,0.0112579914403891,"Btg2/Sema3e/Tfap2a/Lingo1",4
"GO:0003266","regulation of secondary heart field cardioblast proliferation","2/133","11/28891",0.00112579914403891,0.016136454397891,0.0112579914403891,"Hand2/Isl1",2
"GO:0021520","spinal cord motor neuron cell fate specification","2/133","11/28891",0.00112579914403891,0.016136454397891,0.0112579914403891,"Hoxd10/Isl1",2
"GO:0021559","trigeminal nerve development","2/133","11/28891",0.00112579914403891,0.016136454397891,0.0112579914403891,"Tfap2a/Isl1",2
"GO:0031620","regulation of fever generation","2/133","11/28891",0.00112579914403891,0.016136454397891,0.0112579914403891,"Ptgs2/Il1b",2
"GO:0035701","hematopoietic stem cell migration","2/133","11/28891",0.00112579914403891,0.016136454397891,0.0112579914403891,"Bcl11b/Cxcr4",2
"GO:0060900","embryonic camera-type eye formation","2/133","11/28891",0.00112579914403891,0.016136454397891,0.0112579914403891,"Twist1/Tfap2a",2
"GO:0061303","cornea development in camera-type eye","2/133","11/28891",0.00112579914403891,0.016136454397891,0.0112579914403891,"Angptl7/Tfap2a",2
"GO:2001280","positive regulation of unsaturated fatty acid biosynthetic process","2/133","11/28891",0.00112579914403891,0.016136454397891,0.0112579914403891,"Ptgs2/Il1b",2
"GO:0046888","negative regulation of hormone secretion","4/133","99/28891",0.00115234132380882,0.0164256387592638,0.0114597479715794,"Il1b/Gnao1/Npy1r/Pparg",4
"GO:0001569","branching involved in blood vessel morphogenesis","3/133","45/28891",0.00117496143474816,0.01647500272636,0.0114941879486233,"Mdk/Sema3e/Cxcr4",3
"GO:0046320","regulation of fatty acid oxidation","3/133","45/28891",0.00117496143474816,0.01647500272636,0.0114941879486233,"Twist1/Irs2/Pparg",3
"GO:0097106","postsynaptic density organization","3/133","45/28891",0.00117496143474816,0.01647500272636,0.0114941879486233,"Ptprd/Dlg2/Lrrc4",3
"GO:0010565","regulation of cellular ketone metabolic process","5/133","172/28891",0.00122760746659725,0.0171201473720049,0.0119442888641894,"Ptgs2/Il1b/Twist1/Irs2/Pparg",5
"GO:0010717","regulation of epithelial to mesenchymal transition","4/133","101/28891",0.00124104837053815,0.0171224855400451,0.0119459201442175,"Mdk/Il1b/Twist1/Isl1",4
"GO:0032890","regulation of organic acid transport","4/133","101/28891",0.00124104837053815,0.0171224855400451,0.0119459201442175,"Trh/Il1b/Arg1/Irs2",4
"GO:0048489","synaptic vesicle transport","3/133","46/28891",0.00125272922871685,0.0171917096281355,0.0119942160196294,"Map2/Cnih2/Lin7a",3
"GO:0032675","regulation of interleukin-6 production","5/133","173/28891",0.00125954105432274,0.0171937350272628,0.011995629088788,"Il1b/Twist1/Spon2/Isl1/Afap1l2",5
"GO:0001935","endothelial cell proliferation","5/133","175/28891",0.00132524574117453,0.0175379383237833,0.0122357709235697,"Enpep/Mdk/Arg1/Epha2/Pparg",5
"GO:0001558","regulation of cell growth","8/133","459/28891",0.00132818819336966,0.0175379383237833,0.0122357709235697,"Myo5b/Igfbp5/Map2/Krt17/Sema3e/Cxcr4/Kazald1/Pparg",8
"GO:0035136","forelimb morphogenesis","3/133","47/28891",0.00133366550361506,0.0175379383237833,0.0122357709235697,"Twist1/Hoxd10/Tfap2a",3
"GO:0002176","male germ cell proliferation","2/133","12/28891",0.00134688795487419,0.0175379383237833,0.0122357709235697,"Uchl1/Hpgds",2
"GO:0003263","cardioblast proliferation","2/133","12/28891",0.00134688795487419,0.0175379383237833,0.0122357709235697,"Hand2/Isl1",2
"GO:0003264","regulation of cardioblast proliferation","2/133","12/28891",0.00134688795487419,0.0175379383237833,0.0122357709235697,"Hand2/Isl1",2
"GO:0031392","regulation of prostaglandin biosynthetic process","2/133","12/28891",0.00134688795487419,0.0175379383237833,0.0122357709235697,"Ptgs2/Il1b",2
"GO:0032000","positive regulation of fatty acid beta-oxidation","2/133","12/28891",0.00134688795487419,0.0175379383237833,0.0122357709235697,"Twist1/Irs2",2
"GO:1902513","regulation of organelle transport along microtubule","2/133","12/28891",0.00134688795487419,0.0175379383237833,0.0122357709235697,"Map2/Cnih2",2
"GO:0031098","stress-activated protein kinase signaling cascade","6/133","261/28891",0.00135273245210576,0.0175379383237833,0.0122357709235697,"Per1/Il1b/Hand2/Wnt16/Grik2/Naip6",6
"GO:0010959","regulation of metal ion transport","8/133","461/28891",0.00136512926377102,0.0176101675026462,0.0122861633739392,"Kcnh2/Ptgs2/Per1/Cxcr4/Gnao1/Trpc1/Htr2a/Isl1",8
"GO:0035107","appendage morphogenesis","5/133","178/28891",0.00142850394618081,0.0182075119361727,0.0127029153043066,"Twist1/Hoxd10/Tfap2a/Hand2/Hoxd13",5
"GO:0035108","limb morphogenesis","5/133","178/28891",0.00142850394618081,0.0182075119361727,0.0127029153043066,"Twist1/Hoxd10/Tfap2a/Hand2/Hoxd13",5
"GO:0021510","spinal cord development","4/133","105/28891",0.00143260655931902,0.0182075119361727,0.0127029153043066,"Pax3/Hoxd10/Lhx4/Isl1",4
"GO:0030073","insulin secretion","6/133","266/28891",0.00148955706923795,0.0187466206762629,0.0130790376811137,"Trh/Il1b/Irs2/Gnao1/Trpc1/Isl1",6
"GO:0051896","regulation of phosphatidylinositol 3-kinase/protein kinase B signal transduction","6/133","266/28891",0.00148955706923795,0.0187466206762629,0.0130790376811137,"Igfbp5/Twist1/Irs2/Sema3e/Epha2/Wnt16",6
"GO:1900077","negative regulation of cellular response to insulin stimulus","3/133","49/28891",0.00150523342683221,0.018851952627316,0.0131525250888251,"Ptprf/Il1b/Pparg",3
"GO:0007254","JNK cascade","5/133","181/28891",0.00153757636242088,0.0191327697884234,0.013348444038435,"Per1/Il1b/Wnt16/Grik2/Naip6",5
"GO:0032635","interleukin-6 production","5/133","182/28891",0.00157525965860896,0.0191327697884234,0.013348444038435,"Il1b/Twist1/Spon2/Isl1/Afap1l2",5
"GO:0045766","positive regulation of angiogenesis","5/133","182/28891",0.00157525965860896,0.0191327697884234,0.013348444038435,"Mdk/Il1b/Cxcr4/Erap1/Isl1",5
"GO:1904018","positive regulation of vasculature development","5/133","182/28891",0.00157525965860896,0.0191327697884234,0.013348444038435,"Mdk/Il1b/Cxcr4/Erap1/Isl1",5
"GO:0014745","negative regulation of muscle adaptation","2/133","13/28891",0.00158698168012504,0.0191327697884234,0.013348444038435,"Igfbp5/Pparg",2
"GO:0031652","positive regulation of heat generation","2/133","13/28891",0.00158698168012504,0.0191327697884234,0.013348444038435,"Ptgs2/Il1b",2
"GO:0032725","positive regulation of granulocyte macrophage colony-stimulating factor production","2/133","13/28891",0.00158698168012504,0.0191327697884234,0.013348444038435,"Il1b/Isl1",2
"GO:0051967","negative regulation of synaptic transmission, glutamatergic","2/133","13/28891",0.00158698168012504,0.0191327697884234,0.013348444038435,"Htr2a/Grik2",2
"GO:0031214","biomineral tissue development","5/133","184/28891",0.00165265862641286,0.0198319035169543,0.0138362117560146,"Mmp13/Ptgs2/Twist1/Tfap2a/Mgp",5
"GO:0045429","positive regulation of nitric oxide biosynthetic process","3/133","51/28891",0.00169003664712704,0.020186548840684,0.0140836387260586,"Ptgs2/Il1b/Tlr5",3
"GO:0048704","embryonic skeletal system morphogenesis","4/133","110/28891",0.00169990391777245,0.0202108392066955,0.0141005854930434,"Hoxb9/Twist1/Hoxd10/Tfap2a",4
"GO:0003197","endocardial cushion development","3/133","52/28891",0.00178751392912962,0.0209105492036926,0.0145887552583902,"Adamts5/Twist1/Isl1",3
"GO:0010934","macrophage cytokine production","3/133","52/28891",0.00178751392912962,0.0209105492036926,0.0145887552583902,"Il1b/Twist1/Spon2",3
"GO:1903531","negative regulation of secretion by cell","5/133","188/28891",0.00181579071299277,0.0209105492036926,0.0145887552583902,"Trh/Il1b/Gnao1/Npy1r/Pparg",5
"GO:1901343","negative regulation of vasculature development","4/133","112/28891",0.00181589870294916,0.0209105492036926,0.0145887552583902,"Angptl7/Sema3e/Epha2/Pparg",4
"GO:0022604","regulation of cell morphogenesis","6/133","277/28891",0.00182755931207411,0.0209105492036926,0.0145887552583902,"Ptprf/Myo5b/Ptprd/Sema3e/Cxcr4/Pak3",6
"GO:0001660","fever generation","2/133","14/28891",0.00184590331065469,0.0209105492036926,0.0145887552583902,"Ptgs2/Il1b",2
"GO:0036093","germ cell proliferation","2/133","14/28891",0.00184590331065469,0.0209105492036926,0.0145887552583902,"Uchl1/Hpgds",2
"GO:0061309","cardiac neural crest cell development involved in outflow tract morphogenesis","2/133","14/28891",0.00184590331065469,0.0209105492036926,0.0145887552583902,"Twist1/Hand2",2
"GO:2001279","regulation of unsaturated fatty acid biosynthetic process","2/133","14/28891",0.00184590331065469,0.0209105492036926,0.0145887552583902,"Ptgs2/Il1b",2
"GO:0015908","fatty acid transport","4/133","113/28891",0.00187590468474294,0.0209105492036926,0.0145887552583902,"Ptgs2/Il1b/Irs2/Pparg",4
"GO:0032755","positive regulation of interleukin-6 production","4/133","113/28891",0.00187590468474294,0.0209105492036926,0.0145887552583902,"Il1b/Twist1/Spon2/Isl1",4
"GO:0008089","anterograde axonal transport","3/133","53/28891",0.00188843331955829,0.0209105492036926,0.0145887552583902,"Map2/Dlg2/Cnih2",3
"GO:0021879","forebrain neuron differentiation","3/133","53/28891",0.00188843331955829,0.0209105492036926,0.0145887552583902,"Bcl11b/Sema3e/Tfap2a",3
"GO:0045907","positive regulation of vasoconstriction","3/133","53/28891",0.00188843331955829,0.0209105492036926,0.0145887552583902,"Ptgs2/Npy1r/Htr2a",3
"GO:0046456","icosanoid biosynthetic process","3/133","53/28891",0.00188843331955829,0.0209105492036926,0.0145887552583902,"Ptgs2/Il1b/Hpgds",3
"GO:1904407","positive regulation of nitric oxide metabolic process","3/133","53/28891",0.00188843331955829,0.0209105492036926,0.0145887552583902,"Ptgs2/Il1b/Tlr5",3
"GO:0043010","camera-type eye development","7/133","380/28891",0.00194467729364913,0.0213609003706249,0.0149029537469476,"Bcl11b/Slc4a5/Twist1/Angptl7/Epha2/Tfap2a/Casz1",7
"GO:0048754","branching morphogenesis of an epithelial tube","5/133","191/28891",0.00194566340585149,0.0213609003706249,0.0149029537469476,"Mdk/Sema3e/Cxcr4/Epha2/Mgp",5
"GO:0032941","secretion by tissue","3/133","54/28891",0.00199283755376084,0.021772294368665,0.0151899728153477,"Mmp13/Slc4a5/Trpc1",3
"GO:0032024","positive regulation of insulin secretion","4/133","115/28891",0.00200001308735411,0.021772294368665,0.0151899728153477,"Trh/Irs2/Trpc1/Isl1",4
"GO:0032642","regulation of chemokine production","4/133","116/28891",0.00206414709335259,0.0223760483228978,0.0156111965043473,"Il1b/Twist1/Il1rl1/Epha2",4
"GO:0046887","positive regulation of hormone secretion","5/133","194/28891",0.00208220619345112,0.0224773722975058,0.0156818876494227,"Trh/Irs2/Trpc1/Isl1/Pparg",5
"GO:0021517","ventral spinal cord development","3/133","55/28891",0.00210076856851462,0.0225455587276026,0.0157294595773971,"Hoxd10/Lhx4/Isl1",3
"GO:0010454","negative regulation of cell fate commitment","2/133","15/28891",0.00212347704294861,0.0225455587276026,0.0157294595773971,"Sostdc1/Casz1",2
"GO:0060330","regulation of response to type II interferon","2/133","15/28891",0.00212347704294861,0.0225455587276026,0.0157294595773971,"Arg1/Pparg",2
"GO:0060334","regulation of type II interferon-mediated signaling pathway","2/133","15/28891",0.00212347704294861,0.0225455587276026,0.0157294595773971,"Arg1/Pparg",2
"GO:0010463","mesenchymal cell proliferation","3/133","56/28891",0.00221226750984301,0.0231078954469432,0.0161217875211232,"Irs2/Hand2/Isl1",3
"GO:0038066","p38MAPK cascade","3/133","56/28891",0.00221226750984301,0.0231078954469432,0.0161217875211232,"Per1/Il1b/Hand2",3
"GO:0072132","mesenchyme morphogenesis","3/133","56/28891",0.00221226750984301,0.0231078954469432,0.0161217875211232,"Adamts5/Twist1/Isl1",3
"GO:0099084","postsynaptic specialization organization","3/133","56/28891",0.00221226750984301,0.0231078954469432,0.0161217875211232,"Ptprd/Dlg2/Lrrc4",3
"GO:0006693","prostaglandin metabolic process","3/133","57/28891",0.00232737474077158,0.0240185073247627,0.0167570981335554,"Ptgs2/Il1b/Hpgds",3
"GO:0034113","heterotypic cell-cell adhesion","3/133","57/28891",0.00232737474077158,0.0240185073247627,0.0167570981335554,"Dsp/Il1b/Perp",3
"GO:0051955","regulation of amino acid transport","3/133","57/28891",0.00232737474077158,0.0240185073247627,0.0167570981335554,"Trh/Il1b/Arg1",3
"GO:0048588","developmental cell growth","6/133","291/28891",0.00233836716440536,0.0240358059130112,0.0167691669160544,"Myo5b/Map2/Sema3e/Cxcr4/Auts2/Ndn",6
"GO:0060840","artery development","4/133","121/28891",0.00240624296299288,0.0244799331039552,0.0170790230957827,"Mdk/Cxcr4/Hand2/Notch3",4
"GO:0031650","regulation of heat generation","2/133","16/28891",0.00241952827190255,0.0244799331039552,0.0170790230957827,"Ptgs2/Il1b",2
"GO:0032645","regulation of granulocyte macrophage colony-stimulating factor production","2/133","16/28891",0.00241952827190255,0.0244799331039552,0.0170790230957827,"Il1b/Isl1",2
"GO:0061029","eyelid development in camera-type eye","2/133","16/28891",0.00241952827190255,0.0244799331039552,0.0170790230957827,"Twist1/Tfap2a",2
"GO:0006692","prostanoid metabolic process","3/133","58/28891",0.00244612984902427,0.0245564786400102,0.0171324269581466,"Ptgs2/Il1b/Hpgds",3
"GO:0032757","positive regulation of interleukin-8 production","3/133","58/28891",0.00244612984902427,0.0245564786400102,0.0171324269581466,"Il1b/Tlr5/Afap1l2",3
"GO:0048659","smooth muscle cell proliferation","5/133","202/28891",0.00248045282566277,0.0248045282566277,0.0173054848302054,"Ptgs2/Igfbp5/Spon2/Pparg/Notch3",5
"GO:0019216","regulation of lipid metabolic process","7/133","398/28891",0.00251887203304831,0.0250482763747042,0.0174755416567704,"Ptgs2/Bcl11b/Il1b/Twist1/Irs2/Htr2a/Pparg",7
"GO:0032963","collagen metabolic process","4/133","123/28891",0.00255337080873923,0.0250482763747042,0.0174755416567704,"Mmp13/Serpinb7/Arg1/Pparg",4
"GO:0048709","oligodendrocyte differentiation","4/133","123/28891",0.00255337080873923,0.0250482763747042,0.0174755416567704,"Mdk/Cxcr4/Lingo1/Pparg",4
"GO:0051101","regulation of DNA binding","4/133","123/28891",0.00255337080873923,0.0250482763747042,0.0174755416567704,"Twist1/Hand2/Isl1/Pparg",4
"GO:0051952","regulation of amine transport","4/133","123/28891",0.00255337080873923,0.0250482763747042,0.0174755416567704,"Trh/Il1b/Arg1/Htr2a",4
"GO:0043534","blood vessel endothelial cell migration","4/133","124/28891",0.00262920147717181,0.0255975087211444,0.0178587270147519,"Ptgs2/Cxcr4/Epha2/Pparg",4
"GO:0048477","oogenesis","4/133","124/28891",0.00262920147717181,0.0255975087211444,0.0178587270147519,"Mdk/Lgr5/Rec8/4930447C04Rik",4
"GO:0060632","regulation of microtubule-based movement","3/133","60/28891",0.00269473821765065,0.0261369345922507,0.0182350706457563,"Map2/Cnih2/Ccdc40",3
"GO:0003334","keratinocyte development","2/133","17/28891",0.00273388358365049,0.0262208908766479,0.0182936447976613,"Bcl11b/Tfap2a",2
"GO:0016264","gap junction assembly","2/133","17/28891",0.00273388358365049,0.0262208908766479,0.0182936447976613,"Gjb2/Il1b",2
"GO:0061308","cardiac neural crest cell development involved in heart development","2/133","17/28891",0.00273388358365049,0.0262208908766479,0.0182936447976613,"Twist1/Hand2",2
"GO:0032602","chemokine production","4/133","126/28891",0.00278547294710624,0.0266167414945707,0.0185698196473749,"Il1b/Twist1/Il1rl1/Epha2",4
"GO:0043407","negative regulation of MAP kinase activity","3/133","61/28891",0.00282466684539899,0.0267927958129757,0.018692648241611,"Il1b/Uchl1/Pparg",3
"GO:0097479","synaptic vesicle localization","3/133","61/28891",0.00282466684539899,0.0267927958129757,0.018692648241611,"Map2/Cnih2/Lin7a",3
"GO:0032649","regulation of type II interferon production","4/133","127/28891",0.00286594423375192,0.0270847477035896,0.0188963356071555,"Il1b/Il12rb2/Il1rl1/Isl1",4
"GO:0051048","negative regulation of secretion","5/133","210/28891",0.00293136856879567,0.0276019376185869,0.0192571657804095,"Trh/Il1b/Gnao1/Npy1r/Pparg",5
"GO:0060070","canonical Wnt signaling pathway","6/133","305/28891",0.00295006951636394,0.0276770158262508,0.0193095459252913,"Sostdc1/Mdk/Lgr5/Tle2/Isl1/Wnt16",6
"GO:0048736","appendage development","5/133","211/28891",0.00299162699606406,0.0278642514434847,0.019440175425687,"Twist1/Hoxd10/Tfap2a/Hand2/Hoxd13",5
"GO:0060173","limb development","5/133","211/28891",0.00299162699606406,0.0278642514434847,0.019440175425687,"Twist1/Hoxd10/Tfap2a/Hand2/Hoxd13",5
"GO:0030730","sequestering of triglyceride","2/133","18/28891",0.00306637074843263,0.0282544161819864,0.0197123833827812,"Il1b/Pparg",2
"GO:0032604","granulocyte macrophage colony-stimulating factor production","2/133","18/28891",0.00306637074843263,0.0282544161819864,0.0197123833827812,"Il1b/Isl1",2
"GO:0061307","cardiac neural crest cell differentiation involved in heart development","2/133","18/28891",0.00306637074843263,0.0282544161819864,0.0197123833827812,"Twist1/Hand2",2
"GO:0042058","regulation of epidermal growth factor receptor signaling pathway","3/133","63/28891",0.00309595580664341,0.028425501712242,0.019831745380634,"Ptprf/Tfap2a/Afap1l2",3
"GO:0050807","regulation of synapse organization","6/133","309/28891",0.0031450084975296,0.028773481998675,0.020074522324657,"Ptprf/Myo5b/Ptprd/Clstn2/Pak3/Grid1",6
"GO:0030705","cytoskeleton-dependent intracellular transport","5/133","214/28891",0.00317777391829819,0.0289705184071001,0.0202119895863489,"Myo5b/Map2/Dlg2/Cnih2/Uchl1",5
"GO:0014812","muscle cell migration","4/133","131/28891",0.00320375258315397,0.0291045129033002,0.0203054741185815,"Pax3/Mdk/Igfbp5/Pparg",4
"GO:0043616","keratinocyte proliferation","3/133","64/28891",0.00323738705895797,0.0293068723231985,0.0204466551092082,"Mdk/Bcl11b/Wnt16",3
"GO:0015837","amine transport","4/133","133/28891",0.00338242041764,0.0303035532951891,0.0211420139268761,"Trh/Il1b/Arg1/Htr2a",4
"GO:0021872","forebrain generation of neurons","3/133","65/28891",0.00338272222830018,0.0303035532951891,0.0211420139268761,"Bcl11b/Sema3e/Tfap2a",3
"GO:0032964","collagen biosynthetic process","3/133","65/28891",0.00338272222830018,0.0303035532951891,0.0211420139268761,"Serpinb7/Arg1/Pparg",3
"GO:0090280","positive regulation of calcium ion import","2/133","19/28891",0.00341681871350285,0.0303979044166805,0.0212078402907073,"Cxcr4/Isl1",2
"GO:1901862","negative regulation of muscle tissue development","2/133","19/28891",0.00341681871350285,0.0303979044166805,0.0212078402907073,"Igfbp5/Twist1",2
"GO:0007631","feeding behavior","4/133","134/28891",0.00347424722664359,0.0308026042774587,0.0214901890307851,"Trh/Npy1r/Hand2/Uchl1",4
"GO:0060688","regulation of morphogenesis of a branching structure","3/133","66/28891",0.00353199496998503,0.031207352816991,0.0217725717327844,"Mdk/Il1b/Hoxd13",3
"GO:0050803","regulation of synapse structure or activity","6/133","317/28891",0.00356357817616856,0.0313088755306279,0.0218434015329962,"Ptprf/Myo5b/Ptprd/Clstn2/Pak3/Grid1",6
"GO:0090090","negative regulation of canonical Wnt signaling pathway","4/133","135/28891",0.00356775558372271,0.0313088755306279,0.0218434015329962,"Sostdc1/Mdk/Tle2/Isl1",4
"GO:0032835","glomerulus development","3/133","67/28891",0.00368523823066081,0.0319237943792865,0.0222724146832231,"Enpep/Serpinb7/Notch3",3
"GO:0061337","cardiac conduction","3/133","67/28891",0.00368523823066081,0.0319237943792865,0.0222724146832231,"Kcnh2/Dsp/Isl1",3
"GO:0099111","microtubule-based transport","5/133","222/28891",0.00371487488759554,0.0319237943792865,0.0222724146832231,"Map2/Dlg2/Cnih2/Uchl1/Ccdc40",5
"GO:0001654","eye development","7/133","428/28891",0.00375628049780365,0.0319237943792865,0.0222724146832231,"Bcl11b/Slc4a5/Twist1/Angptl7/Epha2/Tfap2a/Casz1",7
"GO:0003215","cardiac right ventricle morphogenesis","2/133","20/28891",0.0037850575960757,0.0319237943792865,0.0222724146832231,"Hand2/Isl1",2
"GO:0048490","anterograde synaptic vesicle transport","2/133","20/28891",0.0037850575960757,0.0319237943792865,0.0222724146832231,"Map2/Cnih2",2
"GO:0051956","negative regulation of amino acid transport","2/133","20/28891",0.0037850575960757,0.0319237943792865,0.0222724146832231,"Trh/Il1b",2
"GO:0060973","cell migration involved in heart development","2/133","20/28891",0.0037850575960757,0.0319237943792865,0.0222724146832231,"Twist1/Hand2",2
"GO:0099514","synaptic vesicle cytoskeletal transport","2/133","20/28891",0.0037850575960757,0.0319237943792865,0.0222724146832231,"Map2/Cnih2",2
"GO:0099517","synaptic vesicle transport along microtubule","2/133","20/28891",0.0037850575960757,0.0319237943792865,0.0222724146832231,"Map2/Cnih2",2
"GO:2000136","regulation of cell proliferation involved in heart morphogenesis","2/133","20/28891",0.0037850575960757,0.0319237943792865,0.0222724146832231,"Hand2/Isl1",2
"GO:0051216","cartilage development","5/133","223/28891",0.00378631049614793,0.0319237943792865,0.0222724146832231,"Mmp13/Mdk/Epyc/Mgp/Hand2",5
"GO:0150063","visual system development","7/133","431/28891",0.00390163960014591,0.0327890233497604,0.0228760628021584,"Bcl11b/Slc4a5/Twist1/Angptl7/Epha2/Tfap2a/Casz1",7
"GO:0042886","amide transport","7/133","432/28891",0.0039510307732538,0.0328422881337526,0.0229132242793623,"Trh/Il1b/Irs2/Gnao1/Trpc1/Isl1/Pparg",7
"GO:0002526","acute inflammatory response","4/133","139/28891",0.00395889597271204,0.0328422881337526,0.0229132242793623,"Ptgs2/Il1b/Vwf/Pparg",4
"GO:0032874","positive regulation of stress-activated MAPK cascade","4/133","139/28891",0.00395889597271204,0.0328422881337526,0.0229132242793623,"Il1b/Hand2/Wnt16/Naip6",4
"GO:0099175","regulation of postsynapse organization","4/133","139/28891",0.00395889597271204,0.0328422881337526,0.0229132242793623,"Ptprf/Ptprd/Pak3/Grid1",4
"GO:0061082","myeloid leukocyte cytokine production","3/133","69/28891",0.00400376459490203,0.0330022768525471,0.0230248443157305,"Il1b/Twist1/Spon2",3
"GO:1901184","regulation of ERBB signaling pathway","3/133","69/28891",0.00400376459490203,0.0330022768525471,0.0230248443157305,"Ptprf/Tfap2a/Afap1l2",3
"GO:0015711","organic anion transport","7/133","436/28891",0.00415336344953913,0.0334191620648649,0.0233156944638593,"Trh/Ptgs2/Il1b/Slc4a5/Arg1/Irs2/Pparg",7
"GO:0032609","type II interferon production","4/133","141/28891",0.00416493233800453,0.0334191620648649,0.0233156944638593,"Il1b/Il12rb2/Il1rl1/Isl1",4
"GO:0070304","positive regulation of stress-activated protein kinase signaling cascade","4/133","141/28891",0.00416493233800453,0.0334191620648649,0.0233156944638593,"Il1b/Hand2/Wnt16/Naip6",4
"GO:0032310","prostaglandin secretion","2/133","21/28891",0.0041709186763126,0.0334191620648649,0.0233156944638593,"Ptgs2/Il1b",2
"GO:0035234","ectopic germ cell programmed cell death","2/133","21/28891",0.0041709186763126,0.0334191620648649,0.0233156944638593,"Rhox5/Il1b",2
"GO:0061323","cell proliferation involved in heart morphogenesis","2/133","21/28891",0.0041709186763126,0.0334191620648649,0.0233156944638593,"Hand2/Isl1",2
"GO:0071636","positive regulation of transforming growth factor beta production","2/133","21/28891",0.0041709186763126,0.0334191620648649,0.0233156944638593,"Ptgs2/Serpinb7",2
"GO:0071639","positive regulation of monocyte chemotactic protein-1 production","2/133","21/28891",0.0041709186763126,0.0334191620648649,0.0233156944638593,"Il1b/Twist1",2
"GO:0099509","regulation of presynaptic cytosolic calcium ion concentration","2/133","21/28891",0.0041709186763126,0.0334191620648649,0.0233156944638593,"Tspoap1/Npy1r",2
"GO:0010631","epithelial cell migration","6/133","328/28891",0.00420508885728613,0.0335886354544837,0.0234339317124305,"Ptgs2/Irs2/Cxcr4/Epha2/Krt16/Pparg",6
"GO:0031348","negative regulation of defense response","6/133","330/28891",0.0043303362968258,0.0343357716386749,0.0239551895153545,"Mdk/Ier3/Nlrp4c/Arg1/Isl1/Pparg",6
"GO:0090132","epithelium migration","6/133","330/28891",0.0043303362968258,0.0343357716386749,0.0239551895153545,"Ptgs2/Irs2/Cxcr4/Epha2/Krt16/Pparg",6
"GO:0050994","regulation of lipid catabolic process","3/133","71/28891",0.0043385509900031,0.0343357716386749,0.0239551895153545,"Il1b/Twist1/Irs2",3
"GO:0045216","cell-cell junction organization","5/133","231/28891",0.00439369935326332,0.0346658848055638,0.0241855010271375,"Gjb2/Dsp/Il1b/Perp/Epha2",5
"GO:0090130","tissue migration","6/133","332/28891",0.0044583212947615,0.0350685028673313,0.0244663973493009,"Ptgs2/Irs2/Cxcr4/Epha2/Krt16/Pparg",6
"GO:0030278","regulation of ossification","4/133","144/28891",0.0044873899944633,0.0351699733597204,0.024537190716084,"Mdk/Twist1/Tfap2a/Mgp",4
"GO:0042733","embryonic digit morphogenesis","3/133","72/28891",0.00451211673723544,0.0351699733597204,0.024537190716084,"Twist1/Hand2/Hoxd13",3
"GO:0051480","regulation of cytosolic calcium ion concentration","3/133","72/28891",0.00451211673723544,0.0351699733597204,0.024537190716084,"Tspoap1/Npy1r/Trpc1",3
"GO:0070050","neuron cellular homeostasis","3/133","73/28891",0.00468983619612869,0.0363356678258619,0.02535046592502,"Atp6v0e2/Tspoap1/Npy1r",3
"GO:0099518","vesicle cytoskeletal trafficking","3/133","73/28891",0.00468983619612869,0.0363356678258619,0.02535046592502,"Myo5b/Map2/Cnih2",3
"GO:0007018","microtubule-based movement","7/133","449/28891",0.00486556610001743,0.0375196503766241,0.026176500262761,"Rhox5/Map2/Dlg2/Cnih2/Ly6k/Uchl1/Ccdc40",7
"GO:0045428","regulation of nitric oxide biosynthetic process","3/133","74/28891",0.00487173754890275,0.0375196503766241,0.026176500262761,"Ptgs2/Il1b/Tlr5",3
"GO:0031649","heat generation","2/133","23/28891",0.00499483832334865,0.0377908588687376,0.0263657154898169,"Ptgs2/Il1b",2
"GO:0031998","regulation of fatty acid beta-oxidation","2/133","23/28891",0.00499483832334865,0.0377908588687376,0.0263657154898169,"Twist1/Irs2",2
"GO:0043171","peptide catabolic process","2/133","23/28891",0.00499483832334865,0.0377908588687376,0.0263657154898169,"Enpep/Erap1",2
"GO:0050965","detection of temperature stimulus involved in sensory perception of pain","2/133","23/28891",0.00499483832334865,0.0377908588687376,0.0263657154898169,"Cxcr4/Htr2a",2
"GO:0050966","detection of mechanical stimulus involved in sensory perception of pain","2/133","23/28891",0.00499483832334865,0.0377908588687376,0.0263657154898169,"Cxcr4/Htr2a",2
"GO:0060333","type II interferon-mediated signaling pathway","2/133","23/28891",0.00499483832334865,0.0377908588687376,0.0263657154898169,"Arg1/Pparg",2
"GO:0032677","regulation of interleukin-8 production","3/133","75/28891",0.00505784832452525,0.0378968602849987,0.0264396699662781,"Il1b/Tlr5/Afap1l2",3
"GO:0045598","regulation of fat cell differentiation","4/133","149/28891",0.00506149204399125,0.0378968602849987,0.0264396699662781,"Ptgs2/Htr2a/Cds1/Pparg",4
"GO:0090277","positive regulation of peptide hormone secretion","4/133","149/28891",0.00506149204399125,0.0378968602849987,0.0264396699662781,"Trh/Irs2/Trpc1/Isl1",4
"GO:0060047","heart contraction","5/133","239/28891",0.00506760341020331,0.0378968602849987,0.0264396699662781,"Kcnh2/Dsp/Cxcr4/Gnao1/Isl1",5
"GO:0009952","anterior/posterior pattern specification","5/133","240/28891",0.00515670601677377,0.038340926580047,0.0267494836604979,"Hoxb9/Pax3/Btg2/Hoxd10/Hoxd13",5
"GO:2000116","regulation of cysteine-type endopeptidase activity","5/133","240/28891",0.00515670601677377,0.038340926580047,0.0267494836604979,"Ptgs2/Perp/Pmaip1/Naip6/Pparg",5
"GO:0032637","interleukin-8 production","3/133","76/28891",0.00524819540539595,0.0387975476960503,0.0270680565321281,"Il1b/Tlr5/Afap1l2",3
"GO:0048645","animal organ formation","3/133","76/28891",0.00524819540539595,0.0387975476960503,0.0270680565321281,"Pax3/Hand2/Isl1",3
"GO:0034763","negative regulation of transmembrane transport","4/133","151/28891",0.00530428841388399,0.039100183165202,0.0272791975571177,"Upk3b/Kcnh2/Il1b/Irs2",4
"GO:0052547","regulation of peptidase activity","7/133","457/28891",0.00534742571002331,0.0393058641933337,0.0274226959488375,"Ptgs2/Col7a1/Serpinb7/Perp/Pmaip1/Naip6/Pparg",7
"GO:0048485","sympathetic nervous system development","2/133","24/28891",0.00543256520262571,0.0396679010950981,0.0276752798337893,"Tfap2a/Hand2",2
"GO:1901028","regulation of mitochondrial outer membrane permeabilization involved in apoptotic signaling pathway","2/133","24/28891",0.00543256520262571,0.0396679010950981,0.0276752798337893,"Ier3/Pmaip1",2
"GO:0080164","regulation of nitric oxide metabolic process","3/133","77/28891",0.00544280503397857,0.0396679010950981,0.0276752798337893,"Ptgs2/Il1b/Tlr5",3
"GO:0051146","striated muscle cell differentiation","6/133","347/28891",0.00550905651183299,0.0400315383365836,0.0279289802348258,"Pax3/Adamts5/Igfbp5/Tmod2/Hand2/Isl1",6
"GO:0016055","Wnt signaling pathway","7/133","460/28891",0.00553707459750768,0.0400315383365836,0.0279289802348258,"Sostdc1/Mdk/Krt6a/Lgr5/Tle2/Isl1/Wnt16",7
"GO:0002793","positive regulation of peptide secretion","4/133","153/28891",0.00555476384670424,0.0400315383365836,0.0279289802348258,"Trh/Irs2/Trpc1/Isl1",4
"GO:0003231","cardiac ventricle development","4/133","153/28891",0.00555476384670424,0.0400315383365836,0.0279289802348258,"Dsp/Cxcr4/Hand2/Isl1",4
"GO:0031331","positive regulation of cellular catabolic process","6/133","349/28891",0.00566174635691824,0.0406083707694956,0.0283314214670899,"Igf2bp1/Btg2/Il1b/Twist1/Irs2/Htr2a",6
"GO:0198738","cell-cell signaling by wnt","7/133","462/28891",0.00566628429341799,0.0406083707694956,0.0283314214670899,"Sostdc1/Mdk/Krt6a/Lgr5/Tle2/Isl1/Wnt16",7
"GO:0106106","cold-induced thermogenesis","4/133","154/28891",0.00568291433866278,0.0406147340547091,0.0283358609684017,"Nova1/Adamts5/Cxcr4/Pparg",4
"GO:0002718","regulation of cytokine production involved in immune response","4/133","155/28891",0.00581302417195761,0.0414298407835653,0.0289045400815572,"Il1b/Twist1/Arg1/Spon2",4
"GO:2000679","positive regulation of transcription regulatory region DNA binding","2/133","25/28891",0.00588725089076626,0.0417942891857001,0.029158806408628,"Twist1/Hand2",2
"GO:0072001","renal system development","6/133","352/28891",0.00589655862930033,0.0417942891857001,0.029158806408628,"Enpep/Lgr5/Serpinb7/Cxcr4/Tfap2a/Notch3",6
"GO:1903036","positive regulation of response to wounding","3/133","80/28891",0.00605246216940083,0.0426202945600426,0.0297350892279367,"Mdk/Cxcr4/Vwf",3
"GO:0042692","muscle cell differentiation","7/133","468/28891",0.0060675063181258,0.0426202945600426,0.0297350892279367,"Pax3/Adamts5/Igfbp5/Tmod2/Hand2/Isl1/Uchl1",7
"GO:0043271","negative regulation of monoatomic ion transport","4/133","157/28891",0.00607917379771151,0.0426202945600426,0.0297350892279367,"Kcnh2/Ptgs2/Gnao1/Htr2a",4
"GO:0048593","camera-type eye morphogenesis","4/133","157/28891",0.00607917379771151,0.0426202945600426,0.0297350892279367,"Twist1/Epha2/Tfap2a/Casz1",4
"GO:0006816","calcium ion transport","7/133","469/28891",0.00613639036903081,0.042904843230622,0.0299336115562479,"Ptgs2/Cxcr4/Tspoap1/Gnao1/Trpc1/Htr2a/Isl1",7
"GO:0060828","regulation of canonical Wnt signaling pathway","5/133","251/28891",0.00621138447340962,0.0433118160578292,0.0302175460868576,"Sostdc1/Mdk/Lgr5/Tle2/Isl1",5
"GO:1990874","vascular associated smooth muscle cell proliferation","3/133","81/28891",0.00626437184394234,0.0435159934677685,0.0303599954426292,"Igfbp5/Spon2/Pparg",3
"GO:0003015","heart process","5/133","252/28891",0.00631422883258801,0.0435159934677685,0.0303599954426292,"Kcnh2/Dsp/Cxcr4/Gnao1/Isl1",5
"GO:0007130","synaptonemal complex assembly","2/133","26/28891",0.00635873237881734,0.0435159934677685,0.0303599954426292,"Rec8/4930447C04Rik",2
"GO:0010763","positive regulation of fibroblast migration","2/133","26/28891",0.00635873237881734,0.0435159934677685,0.0303599954426292,"Pak3/Tfap2a",2
"GO:0010829","negative regulation of glucose transmembrane transport","2/133","26/28891",0.00635873237881734,0.0435159934677685,0.0303599954426292,"Upk3b/Il1b",2
"GO:0014048","regulation of glutamate secretion","2/133","26/28891",0.00635873237881734,0.0435159934677685,0.0303599954426292,"Trh/Il1b",2
"GO:0035357","peroxisome proliferator activated receptor signaling pathway","2/133","26/28891",0.00635873237881734,0.0435159934677685,0.0303599954426292,"Twist1/Pparg",2
"GO:0002673","regulation of acute inflammatory response","3/133","82/28891",0.00648066590794696,0.0441164064445994,0.0307788882171624,"Ptgs2/Il1b/Pparg",3
"GO:0003208","cardiac ventricle morphogenesis","3/133","82/28891",0.00648066590794696,0.0441164064445994,0.0307788882171624,"Dsp/Hand2/Isl1",3
"GO:0052548","regulation of endopeptidase activity","6/133","360/28891",0.00655746536084553,0.0445217385025828,0.0310616780250578,"Ptgs2/Serpinb7/Perp/Pmaip1/Naip6/Pparg",6
"GO:0042180","cellular ketone metabolic process","5/133","255/28891",0.00662994048926063,0.0448956600060169,0.0313225534925699,"Ptgs2/Il1b/Twist1/Irs2/Pparg",5
"GO:0014743","regulation of muscle hypertrophy","3/133","83/28891",0.00670136690062733,0.0451423671112755,0.0314946747287968,"Igfbp5/Hand2/Pparg",3
"GO:0048844","artery morphogenesis","3/133","83/28891",0.00670136690062733,0.0451423671112755,0.0314946747287968,"Mdk/Hand2/Notch3",3
"GO:0046942","carboxylic acid transport","6/133","362/28891",0.00673077953944927,0.0452224250306748,0.0315505290911685,"Trh/Ptgs2/Il1b/Arg1/Irs2/Pparg",6
"GO:0072006","nephron development","4/133","162/28891",0.00677973561781459,0.0454330334908094,0.0316974652261461,"Enpep/Serpinb7/Tfap2a/Notch3",4
"GO:0021542","dentate gyrus development","2/133","27/28891",0.00684684777950211,0.0455280084307099,0.0317637268121232,"Mdk/Btg2",2
"GO:0035743","CD4-positive, alpha-beta T cell cytokine production","2/133","27/28891",0.00684684777950211,0.0455280084307099,0.0317637268121232,"Il1b/Arg1",2
"GO:0072012","glomerulus vasculature development","2/133","27/28891",0.00684684777950211,0.0455280084307099,0.0317637268121232,"Serpinb7/Notch3",2
"GO:0015849","organic acid transport","6/133","364/28891",0.00690739939175948,0.0458125718013868,0.0319622593963164,"Trh/Ptgs2/Il1b/Arg1/Irs2/Pparg",6
"GO:0034329","cell junction assembly","7/133","481/28891",0.00700935675497157,0.0463695908405812,0.032350877330638,"Gjb2/Ptprd/Il1b/Clstn2/Col17a1/Epha2/Lrrc4",7
"GO:0009266","response to temperature stimulus","4/133","164/28891",0.0070742989225036,0.0466795171868524,0.0325671050140831,"Cxcr4/Htr2a/Grik2/Pparg",4
"GO:0150076","neuroinflammatory response","3/133","85/28891",0.00715607686030281,0.0470986691315848,0.0328595366034313,"Ptgs2/Il1b/Pparg",3
"GO:0032102","negative regulation of response to external stimulus","7/133","485/28891",0.00731990839960606,0.0477750773471671,0.0333314493119771,"Mdk/Ier3/Nlrp4c/Arg1/Sema3e/Isl1/Pparg",7
"GO:0002089","lens morphogenesis in camera-type eye","2/133","28/28891",0.00735143632047494,0.0477750773471671,0.0333314493119771,"Epha2/Tfap2a",2
"GO:0045723","positive regulation of fatty acid biosynthetic process","2/133","28/28891",0.00735143632047494,0.0477750773471671,0.0333314493119771,"Ptgs2/Il1b",2
"GO:0061437","renal system vasculature development","2/133","28/28891",0.00735143632047494,0.0477750773471671,0.0333314493119771,"Serpinb7/Notch3",2
"GO:0061440","kidney vasculature development","2/133","28/28891",0.00735143632047494,0.0477750773471671,0.0333314493119771,"Serpinb7/Notch3",2
"GO:0032722","positive regulation of chemokine production","3/133","86/28891",0.00739012795578131,0.0479058545877281,0.0334226892472522,"Il1b/Twist1/Il1rl1",3
"GO:0090257","regulation of muscle system process","5/133","263/28891",0.00752571856569694,0.048580195201416,0.0338931594428484,"Ptgs2/Dsp/Igfbp5/Hand2/Pparg",5
"GO:0050729","positive regulation of inflammatory response","4/133","167/28891",0.00753181320952187,0.048580195201416,0.0338931594428484,"Mdk/Ptgs2/Il1b/Il1rl1",4
"GO:0006809","nitric oxide biosynthetic process","3/133","87/28891",0.00762867024920125,0.048651985770223,0.0339432458862021,"Ptgs2/Il1b/Tlr5",3
"GO:0032729","positive regulation of type II interferon production","3/133","87/28891",0.00762867024920125,0.048651985770223,0.0339432458862021,"Il1b/Il12rb2/Isl1",3
"GO:0034103","regulation of tissue remodeling","3/133","87/28891",0.00762867024920125,0.048651985770223,0.0339432458862021,"Mdk/Hand2/Pparg",3
"GO:0009755","hormone-mediated signaling pathway","4/133","168/28891",0.00768854445317433,0.048651985770223,0.0339432458862021,"Trh/Per1/Isl1/Pparg",4
"GO:0030178","negative regulation of Wnt signaling pathway","4/133","169/28891",0.00784740865015041,0.048651985770223,0.0339432458862021,"Sostdc1/Mdk/Tle2/Isl1",4
"GO:0019229","regulation of vasoconstriction","3/133","88/28891",0.00787172336673091,0.048651985770223,0.0339432458862021,"Ptgs2/Npy1r/Htr2a",3
"GO:0030500","regulation of bone mineralization","3/133","88/28891",0.00787172336673091,0.048651985770223,0.0339432458862021,"Twist1/Tfap2a/Mgp",3
"GO:0051966","regulation of synaptic transmission, glutamatergic","3/133","88/28891",0.00787172336673091,0.048651985770223,0.0339432458862021,"Ptgs2/Htr2a/Grik2",3
"GO:0072384","organelle transport along microtubule","3/133","88/28891",0.00787172336673091,0.048651985770223,0.0339432458862021,"Map2/Cnih2/Uchl1",3
"GO:0003180","aortic valve morphogenesis","2/133","29/28891",0.00787233833761399,0.048651985770223,0.0339432458862021,"Adamts5/Twist1",2
"GO:0042059","negative regulation of epidermal growth factor receptor signaling pathway","2/133","29/28891",0.00787233833761399,0.048651985770223,0.0339432458862021,"Ptprf/Tfap2a",2
"GO:0060571","morphogenesis of an epithelial fold","2/133","29/28891",0.00787233833761399,0.048651985770223,0.0339432458862021,"Sostdc1/Hoxd13",2
"GO:0070193","synaptonemal complex organization","2/133","29/28891",0.00787233833761399,0.048651985770223,0.0339432458862021,"Rec8/4930447C04Rik",2
"GO:0086005","ventricular cardiac muscle cell action potential","2/133","29/28891",0.00787233833761399,0.048651985770223,0.0339432458862021,"Kcnh2/Dsp",2
"GO:1900745","positive regulation of p38MAPK cascade","2/133","29/28891",0.00787233833761399,0.048651985770223,0.0339432458862021,"Il1b/Hand2",2
"GO:1902894","negative regulation of miRNA transcription","2/133","29/28891",0.00787233833761399,0.048651985770223,0.0339432458862021,"Twist1/Pparg",2
"GO:1905562","regulation of vascular endothelial cell proliferation","2/133","29/28891",0.00787233833761399,0.048651985770223,0.0339432458862021,"Mdk/Pparg",2
"GO:0048705","skeletal system morphogenesis","5/133","266/28891",0.00788237598912915,0.048651985770223,0.0339432458862021,"Mmp13/Hoxb9/Twist1/Hoxd10/Tfap2a",5
